{
  "player_scaling": {
    "620ef36f-85d5-3875-aa16-bc45e684a9bd": {
      "motion": 1.0,
      "flight": 1.0,
      "asp": 1.0,
      "akb": 1.0,
      "attack": 1.0,
      "defense": 1.0,
      "health": 1.0,
      "mob_vis": 1.0,
      "kbr": 1.0
    },
    "2828ddef-f9c4-383e-bd8f-e776ae272566": {}
  },
  "player_scaling_settings": {},
  "scaling_settings": {
    "motion": {},
    "mob_visibility": {},
    "defense": {},
    "attack_knockback": {},
    "flight_speed": {},
    "knockback_resist": {},
    "health": {},
    "attack_speed": {},
    "attack_dmg": {}
  },
  "skins": {}
}