{
  "uuid": "2828ddef-f9c4-383e-bd8f-e776ae272566",
  "starterPrompted": true,
  "starterLocked": false,
  "starterSelected": true,
  "starterUUID": "2dd1e717-8496-416c-bffa-9d8757aaa499",
  "keyItems": [],
  "battleTheme": "cobblemon:battle.pvp.default",
  "extraData": {},
  "advancementData": {
    "totalCaptureCount": 0,
    "totalEggsHatched": 0,
    "totalEvolvedCount": 1,
    "totalBattleVictoryCount": 5,
    "totalPvPBattleVictoryCount": 0,
    "totalPvWBattleVictoryCount": 5,
    "totalPvNBattleVictoryCount": 0,
    "totalShinyCaptureCount": 0,
    "totalTradedCount": 0,
    "totalTypeCaptureCounts": {},
    "totalDefeatedCounts": {
      "cobblemon:lillipup": 1,
      "cobblemon:meowth": 1,
      "cobblemon:swinub": 3
    },
    "aspectsCollected": {}
  }
}