{
  "uuid": "2828ddef-f9c4-383e-bd8f-e776ae272566",
  "starterPrompted": true,
  "starterLocked": false,
  "starterSelected": true,
  "starterUUID": "2dd1e717-8496-416c-bffa-9d8757aaa499",
  "keyItems": [],
  "battleTheme": "cobblemon:battle.pvp.default",
  "extraData": {},
  "advancementData": {
    "totalCaptureCount": 20,
    "totalEggsHatched": 0,
    "totalEvolvedCount": 7,
    "totalBattleVictoryCount": 76,
    "totalPvPBattleVictoryCount": 1,
    "totalPvWBattleVictoryCount": 75,
    "totalPvNBattleVictoryCount": 0,
    "totalShinyCaptureCount": 0,
    "totalTradedCount": 3,
    "totalTypeCaptureCounts": {
      "electric": 2,
      "psychic": 2,
      "fairy": 2,
      "ghost": 4,
      "fire": 1,
      "steel": 2,
      "bug": 2,
      "water": 6,
      "dragon": 1,
      "fighting": 4,
      "poison": 1,
      "normal": 1,
      "flying": 1,
      "dark": 2
    },
    "totalDefeatedCounts": {
      "cobblemon:lillipup": 1,
      "cobblemon:meowth": 1,
      "cobblemon:swinub": 3,
      "cobblemon:diggersby": 2,
      "cobblemon:dubwool": 2,
      "cobblemon:jigglypuff": 1,
      "cobblemon:gimmighoul": 1,
      "cobblemon:stonjourner": 3,
      "cobblemon:pidgeot": 1,
      "cobblemon:bouffalant": 5,
      "cobblemon:combee": 1,
      "cobblemon:starly": 2,
      "cobblemon:golisopod": 1,
      "cobblemon:krabby": 5,
      "cobblemon:mareep": 2,
      "cobblemon:taillow": 1,
      "cobblemon:miltank": 2,
      "cobblemon:deerling": 1,
      "cobblemon:spiritomb": 1,
      "cobblemon:geodude": 1,
      "cobblemon:makuhita": 1,
      "cobblemon:wooloo": 6,
      "cobblemon:swellow": 1,
      "cobblemon:ditto": 1,
      "cobblemon:tauros": 1,
      "cobblemon:rattata": 1,
      "cobblemon:tinkatink": 2,
      "cobblemon:vespiquen": 1,
      "cobblemon:zorua": 1,
      "cobblemon:patrat": 1,
      "cobblemon:magikarp": 1,
      "cobblemon:carvanha": 1,
      "cobblemon:ambipom": 1,
      "cobblemon:doduo": 1,
      "cobblemon:komala": 1,
      "cobblemon:sharpedo": 1
    },
    "aspectsCollected": {}
  }
}