{
  "uuid": "2828ddef-f9c4-383e-bd8f-e776ae272566",
  "starterPrompted": true,
  "starterLocked": false,
  "starterSelected": true,
  "starterUUID": "2dd1e717-8496-416c-bffa-9d8757aaa499",
  "keyItems": [],
  "battleTheme": "cobblemon:battle.pvp.default",
  "extraData": {},
  "advancementData": {
    "totalCaptureCount": 10,
    "totalEggsHatched": 0,
    "totalEvolvedCount": 4,
    "totalBattleVictoryCount": 34,
    "totalPvPBattleVictoryCount": 0,
    "totalPvWBattleVictoryCount": 34,
    "totalPvNBattleVictoryCount": 0,
    "totalShinyCaptureCount": 0,
    "totalTradedCount": 1,
    "totalTypeCaptureCounts": {
      "electric": 2,
      "psychic": 1,
      "fairy": 1,
      "ghost": 3,
      "fire": 1,
      "steel": 1,
      "bug": 1,
      "water": 2,
      "dragon": 1,
      "fighting": 1
    },
    "totalDefeatedCounts": {
      "cobblemon:lillipup": 1,
      "cobblemon:meowth": 1,
      "cobblemon:swinub": 3,
      "cobblemon:diggersby": 1,
      "cobblemon:dubwool": 1,
      "cobblemon:jigglypuff": 1,
      "cobblemon:gimmighoul": 1,
      "cobblemon:stonjourner": 2,
      "cobblemon:pidgeot": 1,
      "cobblemon:bouffalant": 2,
      "cobblemon:combee": 1,
      "cobblemon:starly": 1,
      "cobblemon:golisopod": 1,
      "cobblemon:krabby": 5,
      "cobblemon:mareep": 1,
      "cobblemon:taillow": 1
    },
    "aspectsCollected": {}
  }
}