{
  "uuid": "2828ddef-f9c4-383e-bd8f-e776ae272566",
  "starterPrompted": true,
  "starterLocked": false,
  "starterSelected": true,
  "starterUUID": "7b452cc2-8db0-4df9-b74c-52fa2f206619",
  "keyItems": [],
  "battleTheme": "cobblemon:battle.pvp.default",
  "extraData": {},
  "advancementData": {
    "totalCaptureCount": 7,
    "totalEggsHatched": 0,
    "totalEvolvedCount": 7,
    "totalBattleVictoryCount": 46,
    "totalPvPBattleVictoryCount": 0,
    "totalPvWBattleVictoryCount": 46,
    "totalPvNBattleVictoryCount": 0,
    "totalShinyCaptureCount": 0,
    "totalTradedCount": 5,
    "totalTypeCaptureCounts": {
      "ice": 1,
      "flying": 3,
      "fighting": 1,
      "electric": 1,
      "water": 1,
      "psychic": 1,
      "normal": 1,
      "grass": 1
    },
    "totalDefeatedCounts": {
      "cobblemon:swinub": 17,
      "cobblemon:sentret": 1,
      "cobblemon:pineco": 1,
      "cobblemon:snorunt": 1,
      "cobblemon:corvisquire": 1,
      "cobblemon:gastly": 1,
      "cobblemon:butterfree": 2,
      "cobblemon:lunatone": 1,
      "cobblemon:bidoof": 1,
      "cobblemon:bibarel": 1,
      "cobblemon:komala": 4,
      "cobblemon:combee": 2,
      "cobblemon:swellow": 2,
      "cobblemon:fearow": 1,
      "cobblemon:woobat": 1,
      "cobblemon:squawkabilly": 1,
      "cobblemon:tangela": 1,
      "cobblemon:pidgeot": 1
    },
    "aspectsCollected": {}
  }
}