{
  "uuid": "2828ddef-f9c4-383e-bd8f-e776ae272566",
  "starterPrompted": true,
  "starterLocked": false,
  "starterSelected": true,
  "starterUUID": "7b452cc2-8db0-4df9-b74c-52fa2f206619",
  "keyItems": [],
  "battleTheme": "cobblemon:battle.pvp.default",
  "extraData": {},
  "advancementData": {
    "totalCaptureCount": 12,
    "totalEggsHatched": 0,
    "totalEvolvedCount": 8,
    "totalBattleVictoryCount": 71,
    "totalPvPBattleVictoryCount": 0,
    "totalPvWBattleVictoryCount": 71,
    "totalPvNBattleVictoryCount": 0,
    "totalShinyCaptureCount": 0,
    "totalTradedCount": 6,
    "totalTypeCaptureCounts": {
      "ice": 1,
      "flying": 3,
      "fighting": 1,
      "electric": 1,
      "water": 1,
      "psychic": 1,
      "normal": 1,
      "grass": 2,
      "fire": 4,
      "poison": 1
    },
    "totalDefeatedCounts": {
      "cobblemon:swinub": 17,
      "cobblemon:sentret": 1,
      "cobblemon:pineco": 1,
      "cobblemon:snorunt": 1,
      "cobblemon:corvisquire": 1,
      "cobblemon:gastly": 1,
      "cobblemon:butterfree": 2,
      "cobblemon:lunatone": 1,
      "cobblemon:bidoof": 1,
      "cobblemon:bibarel": 1,
      "cobblemon:komala": 9,
      "cobblemon:combee": 2,
      "cobblemon:swellow": 2,
      "cobblemon:fearow": 2,
      "cobblemon:woobat": 2,
      "cobblemon:squawkabilly": 1,
      "cobblemon:tangela": 1,
      "cobblemon:pidgeot": 1,
      "cobblemon:mightyena": 1,
      "cobblemon:misdreavus": 1,
      "cobblemon:whimsicott": 1,
      "cobblemon:flaaffy": 1,
      "cobblemon:pikachu": 1,
      "cobblemon:geodude": 1,
      "cobblemon:bouffalant": 2,
      "cobblemon:beedrill": 1,
      "cobblemon:flittle": 1,
      "cobblemon:pelipper": 1,
      "cobblemon:arbok": 1,
      "cobblemon:dodrio": 1,
      "cobblemon:mareep": 2
    },
    "aspectsCollected": {}
  }
}