{
  "uuid": "2828ddef-f9c4-383e-bd8f-e776ae272566",
  "starterPrompted": true,
  "starterLocked": false,
  "starterSelected": true,
  "starterUUID": "2dd1e717-8496-416c-bffa-9d8757aaa499",
  "keyItems": [],
  "battleTheme": "cobblemon:battle.pvp.default",
  "extraData": {},
  "advancementData": {
    "totalCaptureCount": 6,
    "totalEggsHatched": 0,
    "totalEvolvedCount": 4,
    "totalBattleVictoryCount": 21,
    "totalPvPBattleVictoryCount": 0,
    "totalPvWBattleVictoryCount": 21,
    "totalPvNBattleVictoryCount": 0,
    "totalShinyCaptureCount": 0,
    "totalTradedCount": 0,
    "totalTypeCaptureCounts": {
      "electric": 2,
      "psychic": 1,
      "fairy": 1,
      "ghost": 2,
      "fire": 1,
      "steel": 1
    },
    "totalDefeatedCounts": {
      "cobblemon:lillipup": 1,
      "cobblemon:meowth": 1,
      "cobblemon:swinub": 3,
      "cobblemon:diggersby": 1,
      "cobblemon:dubwool": 1,
      "cobblemon:jigglypuff": 1,
      "cobblemon:gimmighoul": 1,
      "cobblemon:stonjourner": 2,
      "cobblemon:pidgeot": 1,
      "cobblemon:bouffalant": 2,
      "cobblemon:combee": 1
    },
    "aspectsCollected": {}
  }
}