{
  "uuid": "2828ddef-f9c4-383e-bd8f-e776ae272566",
  "starterPrompted": true,
  "starterLocked": false,
  "starterSelected": true,
  "starterUUID": "7b452cc2-8db0-4df9-b74c-52fa2f206619",
  "keyItems": [],
  "battleTheme": "cobblemon:battle.pvp.default",
  "extraData": {},
  "advancementData": {
    "totalCaptureCount": 2,
    "totalEggsHatched": 0,
    "totalEvolvedCount": 3,
    "totalBattleVictoryCount": 25,
    "totalPvPBattleVictoryCount": 0,
    "totalPvWBattleVictoryCount": 25,
    "totalPvNBattleVictoryCount": 0,
    "totalShinyCaptureCount": 0,
    "totalTradedCount": 2,
    "totalTypeCaptureCounts": {
      "ice": 1,
      "flying": 1
    },
    "totalDefeatedCounts": {
      "cobblemon:swinub": 17,
      "cobblemon:sentret": 1,
      "cobblemon:pineco": 1,
      "cobblemon:snorunt": 1,
      "cobblemon:corvisquire": 1,
      "cobblemon:gastly": 1,
      "cobblemon:butterfree": 1
    },
    "aspectsCollected": {}
  }
}