{
  "uuid": "620ef36f-85d5-3875-aa16-bc45e684a9bd",
  "starterPrompted": true,
  "starterLocked": false,
  "starterSelected": true,
  "starterUUID": "a8662aeb-65de-4435-bdca-a0f5e4a5a23d",
  "keyItems": [],
  "battleTheme": "cobblemon:battle.pvp.default",
  "extraData": {},
  "advancementData": {
    "totalCaptureCount": 12,
    "totalEggsHatched": 0,
    "totalEvolvedCount": 9,
    "totalBattleVictoryCount": 49,
    "totalPvPBattleVictoryCount": 3,
    "totalPvWBattleVictoryCount": 46,
    "totalPvNBattleVictoryCount": 0,
    "totalShinyCaptureCount": 0,
    "totalTradedCount": 3,
    "totalTypeCaptureCounts": {
      "normal": 3,
      "water": 2,
      "flying": 1,
      "psychic": 1,
      "rock": 2,
      "ghost": 1,
      "poison": 1,
      "fairy": 1,
      "ground": 1,
      "fighting": 1,
      "steel": 1
    },
    "totalDefeatedCounts": {
      "cobblemon:snorunt": 1,
      "cobblemon:swinub": 1,
      "cobblemon:meowth": 1,
      "cobblemon:sentret": 1,
      "cobblemon:spinarak": 1,
      "cobblemon:combee": 5,
      "cobblemon:gossifleur": 1,
      "cobblemon:caterpie": 1,
      "cobblemon:shroomish": 1,
      "cobblemon:natu": 3,
      "cobblemon:wooloo": 4,
      "cobblemon:lechonk": 1,
      "cobblemon:pidgey": 2,
      "cobblemon:doublade": 1,
      "cobblemon:honedge": 1,
      "cobblemon:aegislash": 1,
      "cobblemon:taillow": 1,
      "cobblemon:gastly": 1,
      "cobblemon:fomantis": 1,
      "cobblemon:ponyta": 1,
      "cobblemon:miltank": 1,
      "cobblemon:shinx": 1,
      "cobblemon:ditto": 2
    },
    "aspectsCollected": {}
  }
}