{
  "uuid": "620ef36f-85d5-3875-aa16-bc45e684a9bd",
  "starterPrompted": true,
  "starterLocked": false,
  "starterSelected": true,
  "starterUUID": "a8662aeb-65de-4435-bdca-a0f5e4a5a23d",
  "keyItems": [],
  "battleTheme": "cobblemon:battle.pvp.default",
  "extraData": {},
  "advancementData": {
    "totalCaptureCount": 0,
    "totalEggsHatched": 0,
    "totalEvolvedCount": 1,
    "totalBattleVictoryCount": 20,
    "totalPvPBattleVictoryCount": 1,
    "totalPvWBattleVictoryCount": 19,
    "totalPvNBattleVictoryCount": 0,
    "totalShinyCaptureCount": 0,
    "totalTradedCount": 0,
    "totalTypeCaptureCounts": {},
    "totalDefeatedCounts": {
      "cobblemon:snorunt": 1,
      "cobblemon:swinub": 1,
      "cobblemon:meowth": 1,
      "cobblemon:sentret": 1,
      "cobblemon:spinarak": 1,
      "cobblemon:combee": 5,
      "cobblemon:gossifleur": 1,
      "cobblemon:caterpie": 1,
      "cobblemon:shroomish": 1,
      "cobblemon:natu": 3,
      "cobblemon:wooloo": 2,
      "cobblemon:lechonk": 1
    },
    "aspectsCollected": {}
  }
}