{
  "uuid": "620ef36f-85d5-3875-aa16-bc45e684a9bd",
  "starterPrompted": true,
  "starterLocked": false,
  "starterSelected": true,
  "starterUUID": "d9051162-ab5f-4a00-89ff-f4f26c02dbf8",
  "keyItems": [],
  "battleTheme": "cobblemon:battle.pvp.default",
  "extraData": {},
  "advancementData": {
    "totalCaptureCount": 8,
    "totalEggsHatched": 0,
    "totalEvolvedCount": 9,
    "totalBattleVictoryCount": 63,
    "totalPvPBattleVictoryCount": 0,
    "totalPvWBattleVictoryCount": 63,
    "totalPvNBattleVictoryCount": 0,
    "totalShinyCaptureCount": 0,
    "totalTradedCount": 0,
    "totalTypeCaptureCounts": {
      "normal": 2,
      "flying": 2,
      "water": 1,
      "poison": 1,
      "grass": 2,
      "ghost": 2,
      "psychic": 1
    },
    "totalDefeatedCounts": {
      "cobblemon:snorunt": 5,
      "cobblemon:geodude": 1,
      "cobblemon:spearow": 3,
      "cobblemon:combee": 7,
      "cobblemon:cottonee": 4,
      "cobblemon:phanpy": 2,
      "cobblemon:ekans": 1,
      "cobblemon:wingull": 3,
      "cobblemon:scatterbug": 1,
      "cobblemon:doduo": 2,
      "cobblemon:pidgey": 3,
      "cobblemon:mudbray": 1,
      "cobblemon:caterpie": 3,
      "cobblemon:metapod": 3,
      "cobblemon:rattata": 1,
      "cobblemon:lechonk": 4,
      "cobblemon:komala": 2,
      "cobblemon:crabrawler": 1,
      "cobblemon:patrat": 1,
      "cobblemon:krabby": 1,
      "cobblemon:rhyhorn": 1,
      "cobblemon:taillow": 1,
      "cobblemon:dubwool": 1,
      "cobblemon:bellsprout": 2,
      "cobblemon:roggenrola": 1
    },
    "aspectsCollected": {}
  }
}