{
  "uuid": "620ef36f-85d5-3875-aa16-bc45e684a9bd",
  "starterPrompted": true,
  "starterLocked": false,
  "starterSelected": true,
  "starterUUID": "d9051162-ab5f-4a00-89ff-f4f26c02dbf8",
  "keyItems": [],
  "battleTheme": "cobblemon:battle.pvp.default",
  "extraData": {},
  "advancementData": {
    "totalCaptureCount": 5,
    "totalEggsHatched": 0,
    "totalEvolvedCount": 6,
    "totalBattleVictoryCount": 22,
    "totalPvPBattleVictoryCount": 0,
    "totalPvWBattleVictoryCount": 22,
    "totalPvNBattleVictoryCount": 0,
    "totalShinyCaptureCount": 0,
    "totalTradedCount": 0,
    "totalTypeCaptureCounts": {
      "normal": 2,
      "flying": 2,
      "water": 1,
      "poison": 1,
      "grass": 1
    },
    "totalDefeatedCounts": {
      "cobblemon:snorunt": 5,
      "cobblemon:geodude": 1,
      "cobblemon:spearow": 3,
      "cobblemon:combee": 4,
      "cobblemon:cottonee": 1,
      "cobblemon:phanpy": 1,
      "cobblemon:ekans": 1,
      "cobblemon:wingull": 1
    },
    "aspectsCollected": {}
  }
}