{"stats":{"minecraft:used":{"minecraft:bedrock":28,"minecraft:light":2,"minecraft:water_bucket":2,"minecraft:wooden_axe":7,"minecraft:pink_concrete":44,"minecraft:diamond_block":3,"minecraft:glowstone":19,"minecraft:lava_bucket":1,"minecraft:grass_block":21,"minecraft:nether_bricks":22,"minecraft:chain":12,"minecraft:glass_pane":9,"minecraft:red_terracotta":14,"minecraft:painting":3,"minecraft:dandelion":1,"minecraft:obsidian":19,"minecraft:pointed_dripstone":6},"minecraft:mined":{"minecraft:grass":13,"minecraft:tall_grass":16,"minecraft:oak_leaves":9},"minecraft:custom":{"minecraft:time_since_rest":59032,"minecraft:crouch_one_cm":103,"minecraft:sprint_one_cm":16443,"minecraft:play_time":59032,"minecraft:damage_taken":20,"minecraft:walk_one_cm":48336,"minecraft:sneak_time":107,"minecraft:walk_under_water_one_cm":332,"minecraft:jump":207,"minecraft:damage_dealt":28,"minecraft:leave_game":2,"minecraft:walk_on_water_one_cm":248,"minecraft:time_since_death":59030,"minecraft:total_world_time":59032,"minecraft:swim_one_cm":74,"minecraft:fall_one_cm":2036,"minecraft:fly_one_cm":32415},"minecraft:picked_up":{"minecraft:dandelion":2,"minecraft:pointed_dripstone":2}},"DataVersion":3465}