{"stats":{"minecraft:used":{"minecraft:bread":6,"minecraft:iron_pickaxe":3,"minecraft:shield":1,"minecraft:iron_sword":27,"minecraft:iron_chestplate":1,"minecraft:sand":1,"minecraft:spyglass":13,"minecraft:potion":1,"minecraft:sweet_berries":2,"minecraft:red_bed":9,"minecraft:campfire":1,"minecraft:smoker":1},"minecraft:killed_by":{"minecraft:zombie":1},"minecraft:killed":{"radioactive_spiders:phasing_scary_spider":1,"minecraft:zombie":1,"notdeer:deer":1,"notdeer:strange_deer":1},"minecraft:mined":{"minecraft:hay_block":5,"minecraft:furnace":1,"minecraft:red_bed":10,"minecraft:smoker":2,"minecraft:grass_block":2,"minecraft:oak_log":3,"minecraft:sand":8,"minecraft:dirt":1},"minecraft:dropped":{"minecraft:red_bed":1,"minecraft:torch":1,"minecraft:potion":5,"minecraft:cobblestone":1,"minecraft:rotten_flesh":3,"notdeer:venison_raw":4},"minecraft:picked_up":{"minecraft:iron_chestplate":1,"minecraft:sweet_berries":3,"minecraft:torch":1,"minecraft:smoker":2,"minecraft:spyglass":1,"minecraft:potion":19,"minecraft:sand":8,"creepingwoods:flashlight":1,"minecraft:oak_log":7,"minecraft:shield":1,"minecraft:dirt":3,"minecraft:red_bed":11,"minecraft:rotten_flesh":3,"radioactive_spiders:raw_spider_meat":3,"minecraft:hay_block":5,"minecraft:oak_sapling":1,"notdeer:venison_raw":4,"minecraft:furnace":1,"minecraft:cobblestone":1,"minecraft:ender_pearl":5},"minecraft:custom":{"minecraft:time_since_rest":2206,"minecraft:interact_with_furnace":3,"minecraft:sprint_one_cm":58229,"minecraft:damage_taken":976,"minecraft:walk_one_cm":108827,"minecraft:damage_blocked_by_shield":70,"minecraft:mob_kills":2,"minecraft:drop":8,"minecraft:damage_dealt":1416,"minecraft:swim_one_cm":2384,"minecraft:interact_with_crafting_table":6,"minecraft:fly_one_cm":41909,"minecraft:open_barrel":6,"minecraft:open_chest":12,"minecraft:crouch_one_cm":1197,"minecraft:play_time":48012,"minecraft:interact_with_campfire":6,"minecraft:deaths":2,"minecraft:walk_under_water_one_cm":3744,"minecraft:sneak_time":648,"minecraft:jump":338,"minecraft:leave_game":1,"minecraft:walk_on_water_one_cm":5750,"minecraft:time_since_death":14492,"minecraft:sleep_in_bed":10,"minecraft:climb_one_cm":803,"minecraft:total_world_time":48012,"minecraft:interact_with_smoker":4,"minecraft:fall_one_cm":14145},"minecraft:crafted":{"minecraft:oak_planks":4,"minecraft:campfire":1,"minecraft:air":61,"minecraft:wheat":5}},"DataVersion":3120}