{"stats":{"minecraft:used":{"tacz:gun_smith_table":1,"minecraft:shield":14,"minecraft:iron_sword":87,"minecraft:iron_chestplate":1,"minecraft:spyglass":13,"minecraft:sand":1,"minecraft:red_bed":15,"minecraft:campfire":1,"minecraft:smoker":1,"minecraft:bread":8,"minecraft:iron_pickaxe":3,"minecraft:potion":3,"minecraft:sweet_berries":2,"minecraft:oak_sapling":4},"minecraft:killed_by":{"minecraft:spider":1,"minecraft:zombie":1,"antlers:wendigo":8,"demogorgon:demogorgon":1},"minecraft:broken":{"minecraft:iron_helmet":1},"minecraft:killed":{"betteranimalsplus:coyote":1,"minecraft:spider":1,"betteranimalsplus:boar":1,"notdeer:strange_deer":1,"radioactive_spiders:phasing_scary_spider":1,"minecraft:skeleton":1,"minecraft:zombie":1,"apollyon:the_damned":3,"notdeer:deer":3},"minecraft:mined":{"minecraft:red_bed":14,"minecraft:smoker":2,"minecraft:grass_block":5,"tacz:gun_smith_table":1,"minecraft:hay_block":5,"minecraft:furnace":1,"minecraft:oak_log":3,"minecraft:sand":8,"minecraft:dirt":1},"minecraft:dropped":{"minecraft:polished_diorite":2,"minecraft:iron_ingot":15,"minecraft:iron_sword":2,"minecraft:smooth_stone_slab":2,"minecraft:soul_lantern":1,"minecraft:deepslate_brick_slab":14,"minecraft:cobblestone":1,"minecraft:rotten_flesh":3,"notdeer:venison_raw":6,"minecraft:spruce_door":1,"minecraft:oak_sign":5,"minecraft:red_bed":2,"minecraft:torch":1,"minecraft:ladder":2,"minecraft:potion":5,"minecraft:polished_basalt":8,"minecraft:calcite":4},"minecraft:custom":{"minecraft:interact_with_furnace":3,"minecraft:mob_kills":8,"minecraft:interact_with_crafting_table":7,"minecraft:open_barrel":6,"minecraft:interact_with_campfire":6,"minecraft:leave_game":1,"minecraft:time_since_death":1762,"minecraft:sleep_in_bed":15,"minecraft:climb_one_cm":2573,"minecraft:time_since_rest":1801,"minecraft:sprint_one_cm":126670,"minecraft:damage_taken":7815,"minecraft:walk_one_cm":199545,"minecraft:damage_blocked_by_shield":1150,"minecraft:trigger_trapped_chest":1,"minecraft:drop":29,"minecraft:damage_dealt":4539,"minecraft:swim_one_cm":14935,"minecraft:fly_one_cm":113185,"minecraft:open_chest":15,"minecraft:crouch_one_cm":2364,"minecraft:play_time":78012,"minecraft:deaths":12,"minecraft:sneak_time":1178,"minecraft:walk_under_water_one_cm":4774,"minecraft:interact_with_lectern":1,"minecraft:jump":777,"minecraft:walk_on_water_one_cm":7410,"minecraft:interact_with_smoker":4,"minecraft:total_world_time":78012,"minecraft:fall_one_cm":26142},"minecraft:picked_up":{"minecraft:iron_chestplate":1,"minecraft:ladder":2,"minecraft:smoker":2,"minecraft:wither_rose":1,"minecraft:potion":19,"minecraft:oak_log":7,"minecraft:shield":1,"minecraft:dirt":31,"minecraft:red_bed":17,"minecraft:smooth_stone_slab":2,"minecraft:oak_sign":5,"minecraft:deepslate_brick_slab":14,"radioactive_spiders:raw_spider_meat":3,"minecraft:calcite":4,"notdeer:venison_raw":6,"minecraft:glass_bottle":2,"tacz:gun_smith_table":2,"minecraft:iron_sword":2,"minecraft:furnace":1,"minecraft:sweet_berries":3,"minecraft:torch":1,"minecraft:spyglass":1,"minecraft:sand":8,"creepingwoods:flashlight":1,"minecraft:spruce_door":1,"minecraft:rotten_flesh":3,"minecraft:polished_diorite":2,"minecraft:soul_lantern":1,"minecraft:polished_basalt":8,"minecraft:hay_block":5,"minecraft:oak_sapling":7,"minecraft:cobblestone":1,"minecraft:ender_pearl":5},"minecraft:crafted":{"minecraft:oak_planks":4,"minecraft:campfire":1,"minecraft:air":61,"minecraft:wheat":5}},"DataVersion":3120}