{"stats":{"minecraft:mined":{"minecraft:powder_snow":3,"minecraft:ladder":2,"minecraft:grass_block":3,"minecraft:copper_ore":10,"minecraft:cobblestone":1,"minecraft:spruce_leaves":7,"minecraft:large_fern":1,"minecraft:iron_ore":1,"minecraft:sweet_berry_bush":2,"minecraft:spruce_log":6,"minecraft:brown_bed":1,"minecraft:grass":4,"minecraft:deepslate_iron_ore":2,"minecraft:stone":19},"minecraft:killed":{"minecraft:pig":2,"cobblemon:pokemon":5,"minecraft:cow":4},"minecraft:used":{"minecraft:stone_pickaxe":33,"minecraft:ladder":2,"minecraft:dirt":1,"minecraft:crafting_table":2,"minecraft:snowball":1,"minecraft:string":1,"minecraft:stone_axe":31,"minecraft:cobblestone":1,"minecraft:sweet_berries":2,"minecraft:porkchop":6,"minecraft:cooked_porkchop":6,"minecraft:brown_bed":5},"minecraft:dropped":{"minecraft:wheat_seeds":1,"minecraft:cooked_beef":9,"minecraft:cooked_porkchop":2,"cobblemon:nest_ball":5,"minecraft:dirt":1,"minecraft:spider_eye":1},"minecraft:picked_up":{"minecraft:chicken":1,"minecraft:ladder":2,"cobblemon:yellow_apricorn":2,"minecraft:brown_wool":19,"minecraft:leather":4,"minecraft:brown_bed":1,"cobblemon:slate_ball":1,"minecraft:dirt":3,"minecraft:string":1,"minecraft:raw_copper":39,"minecraft:wheat_seeds":1,"cobblemon:black_apricorn":5,"cobblemon:green_apricorn":5,"minecraft:beef":9,"cobblemon:oran_berry":10,"cobblemon:nest_ball":1,"cobblemon:green_apricorn_seed":1,"minecraft:raw_iron":3,"minecraft:sweet_berries":2,"cobblemon:black_apricorn_seed":2,"minecraft:porkchop":24,"cobblemon:yellow_apricorn_seed":1,"cobblemon:persim_berry":5,"minecraft:spruce_sapling":1,"minecraft:spruce_log":6,"cobblemon:aspear_berry":1,"minecraft:spider_eye":1,"cobblemon:never_melt_ice":2,"cobblemon:ice_stone":1,"minecraft:snowball":1,"minecraft:cobblestone":27},"minecraft:crafted":{"minecraft:cooked_beef":9,"minecraft:cooked_porkchop":15,"minecraft:crafting_table":2,"minecraft:spruce_planks":24,"cobblemon:slate_ball":4,"minecraft:brown_bed":5,"minecraft:copper_ingot":8,"minecraft:stone_axe":1,"minecraft:air":0,"minecraft:shield":1,"minecraft:stick":4,"minecraft:iron_ingot":3,"minecraft:stone_pickaxe":1,"cobblemon:nest_ball":4},"minecraft:custom":{"minecraft:interact_with_furnace":15,"minecraft:mob_kills":11,"minecraft:interact_with_crafting_table":11,"minecraft:time_since_death":51546,"minecraft:sleep_in_bed":4,"minecraft:climb_one_cm":2432,"minecraft:time_since_rest":4291,"minecraft:sprint_one_cm":189194,"minecraft:damage_taken":210,"minecraft:walk_one_cm":174187,"minecraft:drop":12,"minecraft:damage_dealt":1397,"minecraft:fly_one_cm":250943,"minecraft:crouch_one_cm":3232,"minecraft:play_time":51546,"minecraft:sneak_time":974,"minecraft:walk_under_water_one_cm":4156,"minecraft:jump":1114,"minecraft:walk_on_water_one_cm":4106,"minecraft:total_world_time":51546,"minecraft:fall_one_cm":15566}},"DataVersion":3465}