{"stats":{"minecraft:mined":{"minecraft:tuff":2,"minecraft:deepslate_diamond_ore":1,"minecraft:ladder":2,"minecraft:grass_block":3,"megamons:crystal_fire_stone_ore":1,"minecraft:spruce_leaves":7,"minecraft:large_fern":1,"minecraft:cobbled_deepslate":1,"minecraft:iron_ore":1,"minecraft:brown_bed":5,"minecraft:cave_vines":2,"minecraft:deepslate_iron_ore":13,"minecraft:rail":1,"minecraft:stone":47,"megamons:anistarite_rough_geode_block":1,"minecraft:acacia_leaves":1,"megamons:anistarite_geode_block":7,"cobblemon:revival_herb":2,"minecraft:powder_snow":6,"minecraft:calcite":2,"minecraft:cobblestone":5,"minecraft:copper_ore":10,"megamons:crystal_moon_stone_ore":1,"minecraft:deepslate_gold_ore":10,"minecraft:wall_torch":1,"minecraft:amethyst_block":4,"minecraft:deepslate_copper_ore":13,"cobblemon:deepslate_leaf_stone_ore":2,"minecraft:sweet_berry_bush":2,"minecraft:blue_ice":4,"minecraft:ice":1,"minecraft:white_carpet":1,"minecraft:spruce_log":18,"minecraft:grass":4,"megamons:crystal_sun_stone_ore":1,"minecraft:smooth_basalt":2,"minecraft:deepslate":36},"minecraft:killed":{"minecraft:skeleton":4,"minecraft:pig":2,"cobblemon:pokemon":5,"minecraft:zombie":5,"minecraft:cow":4},"minecraft:used":{"minecraft:moss_carpet":1,"minecraft:ladder":2,"minecraft:shield":13,"minecraft:torch":33,"minecraft:dirt":1,"minecraft:white_carpet":2,"minecraft:tuff":8,"minecraft:snowball":1,"minecraft:sweet_berries":2,"minecraft:furnace":2,"minecraft:cobbled_deepslate":18,"minecraft:brown_bed":11,"minecraft:stone_pickaxe":131,"minecraft:glow_berries":22,"minecraft:crafting_table":9,"minecraft:bread":4,"minecraft:iron_pickaxe":35,"minecraft:string":1,"minecraft:stone_axe":66,"minecraft:cobblestone":45,"minecraft:cooked_porkchop":17,"minecraft:porkchop":6,"minecraft:bone_meal":9},"minecraft:broken":{"minecraft:stone_pickaxe":1},"minecraft:dropped":{"minecraft:wheat_seeds":10,"minecraft:lapis_lazuli":13,"minecraft:cooked_beef":9,"minecraft:diamond":1,"minecraft:cooked_porkchop":2,"minecraft:cobblestone":61,"cobblemon:persim_berry":5,"minecraft:leather":4,"minecraft:copper_ingot":1,"cobblemon:silver_powder":1,"minecraft:flint":2,"minecraft:dirt":2,"cobblemon:white_apricorn":1,"minecraft:torch":2,"minecraft:brown_wool":2,"minecraft:iron_pickaxe":2,"cobblemon:leaf_stone":2,"minecraft:string":4,"minecraft:white_wool":5,"minecraft:spruce_sapling":2,"cobblemon:red_apricorn":2,"minecraft:cobbled_deepslate":54,"cobblemon:friend_ball":4,"minecraft:raw_iron":1,"minecraft:pointed_dripstone":2,"minecraft:chicken":2,"minecraft:rotten_flesh":2,"cobblemon:premier_ball":12,"cobblemon:nest_ball":5,"megamons:anistarite_geode_block":19,"cobblemon:never_melt_ice":2,"cobblemon:bluk_berry":16,"megamons:anistarite_rough_geode_block":3,"cobblemon:aspear_berry":4,"minecraft:spruce_planks":14,"cobblemon:heal_ball":6,"minecraft:blue_ice":3,"minecraft:spider_eye":1,"minecraft:arrow":8,"minecraft:stone_pickaxe":1},"minecraft:crafted":{"cobblemon:slate_ball":4,"minecraft:furnace":2,"minecraft:bone_meal":9,"cobblemon:premier_ball":4,"minecraft:stone_pickaxe":1,"minecraft:cooked_beef":9,"minecraft:cooked_porkchop":18,"minecraft:crafting_table":9,"minecraft:spruce_planks":72,"minecraft:brown_bed":6,"minecraft:copper_ingot":17,"cobblemon:roseate_ball":4,"minecraft:stone_axe":1,"minecraft:air":0,"cobblemon:heal_ball":12,"minecraft:shield":1,"minecraft:stick":12,"minecraft:iron_ingot":9,"minecraft:iron_pickaxe":2,"cobblemon:friend_ball":4,"minecraft:torch":16,"cobblemon:nest_ball":4},"minecraft:picked_up":{"cobblemon:leaf_stone":4,"minecraft:chicken":2,"minecraft:ladder":2,"cobblemon:yellow_apricorn":8,"cobblemon:red_apricorn":14,"minecraft:brown_bed":5,"minecraft:string":5,"cobblemon:revival_herb":7,"minecraft:moss_carpet":1,"minecraft:raw_copper":105,"minecraft:white_carpet":2,"cobblemon:white_apricorn":16,"minecraft:cobbled_deepslate":83,"cobblemon:green_apricorn":13,"cobblemon:white_apricorn_seed":1,"minecraft:beef":9,"cobblemon:oran_berry":40,"cobblemon:green_apricorn_seed":1,"minecraft:stick":6,"minecraft:raw_iron":29,"cobblemon:silver_powder":1,"minecraft:torch":19,"minecraft:porkchop":25,"minecraft:pointed_dripstone":2,"cobblemon:never_melt_ice":2,"minecraft:arrow":8,"minecraft:rotten_flesh":2,"minecraft:glow_berries":35,"cobblemon:blue_apricorn":11,"minecraft:snowball":1,"minecraft:white_wool":5,"minecraft:cobblestone":117,"minecraft:leather":4,"minecraft:brown_wool":20,"cobblemon:roseate_ball":3,"minecraft:flint":2,"minecraft:tuff":8,"cobblemon:slate_ball":1,"cobblemon:bluk_berry":16,"megamons:anistarite_geode_block":65,"minecraft:lapis_lazuli":13,"minecraft:dirt":3,"cobblemon:pink_apricorn_seed":2,"minecraft:bone":3,"cobblemon:black_apricorn":9,"minecraft:wheat_seeds":10,"minecraft:stone_pickaxe":1,"cobblemon:thunder_stone":1,"cobblemon:moon_stone":2,"cobblemon:nest_ball":1,"cobblemon:sun_stone":1,"cobblemon:red_apricorn_seed":1,"minecraft:sweet_berries":2,"cobblemon:black_apricorn_seed":3,"cobblemon:blue_apricorn_seed":1,"cobblemon:fire_stone":2,"cobblemon:shiny_stone":1,"cobblemon:yellow_apricorn_seed":1,"cobblemon:premier_ball":12,"cobblemon:persim_berry":5,"minecraft:spruce_sapling":2,"cobblemon:pink_apricorn":17,"minecraft:spruce_log":18,"cobblemon:aspear_berry":4,"minecraft:spider_eye":1,"megamons:anistarite_rough_geode_block":3,"minecraft:diamond":1,"minecraft:blue_ice":3,"cobblemon:ice_stone":3,"minecraft:bread":1,"cobblemon:water_stone":1,"minecraft:coal":52},"minecraft:custom":{"minecraft:mob_kills":20,"minecraft:interact_with_crafting_table":31,"minecraft:time_since_death":165546,"minecraft:climb_one_cm":5387,"minecraft:sprint_one_cm":653438,"minecraft:walk_one_cm":449843,"minecraft:damage_blocked_by_shield":610,"minecraft:drop":69,"minecraft:play_time":165546,"minecraft:sneak_time":6545,"minecraft:walk_under_water_one_cm":12047,"minecraft:jump":3393,"minecraft:walk_on_water_one_cm":25790,"minecraft:total_world_time":165546,"minecraft:interact_with_furnace":36,"minecraft:sleep_in_bed":10,"minecraft:time_since_rest":256,"minecraft:damage_taken":720,"minecraft:damage_dealt":2958,"minecraft:swim_one_cm":41554,"minecraft:fly_one_cm":705489,"minecraft:open_chest":6,"minecraft:crouch_one_cm":22596,"minecraft:fall_one_cm":58370}},"DataVersion":3465}