{"stats":{"minecraft:mined":{"minecraft:nether_gold_ore":9,"minecraft:tuff":2,"minecraft:deepslate_diamond_ore":1,"minecraft:ladder":3,"minecraft:acacia_log":1,"minecraft:grass_block":3,"megamons:crystal_fire_stone_ore":1,"minecraft:spruce_leaves":7,"minecraft:large_fern":1,"minecraft:hay_block":12,"minecraft:glowstone":14,"minecraft:fire":2,"minecraft:cobbled_deepslate":1,"minecraft:iron_ore":1,"minecraft:brown_bed":5,"minecraft:cave_vines":2,"minecraft:deepslate_iron_ore":13,"minecraft:rail":1,"minecraft:stone":47,"megamons:anistarite_rough_geode_block":1,"minecraft:acacia_leaves":6,"megamons:anistarite_geode_block":7,"cobblemon:revival_herb":2,"minecraft:powder_snow":6,"minecraft:calcite":2,"minecraft:tall_grass":1,"minecraft:cobblestone":5,"minecraft:copper_ore":10,"megamons:crystal_moon_stone_ore":1,"minecraft:deepslate_gold_ore":10,"minecraft:wall_torch":1,"minecraft:amethyst_block":4,"minecraft:deepslate_copper_ore":13,"cobblemon:deepslate_leaf_stone_ore":2,"minecraft:sweet_berry_bush":2,"minecraft:blue_ice":4,"minecraft:ice":1,"minecraft:white_carpet":1,"minecraft:spruce_log":18,"minecraft:grass":5,"megamons:crystal_sun_stone_ore":1,"minecraft:smooth_basalt":2,"minecraft:netherrack":11,"minecraft:deepslate":36},"minecraft:killed":{"minecraft:skeleton":4,"minecraft:pig":2,"cobblemon:pokemon":5,"minecraft:zombie":6,"minecraft:cow":4},"minecraft:used":{"minecraft:moss_carpet":1,"minecraft:ladder":2,"minecraft:shield":13,"minecraft:torch":33,"minecraft:dirt":1,"minecraft:white_carpet":2,"minecraft:tuff":8,"minecraft:snowball":1,"minecraft:sweet_berries":2,"minecraft:furnace":2,"minecraft:cobbled_deepslate":18,"minecraft:brown_bed":11,"minecraft:golden_boots":1,"minecraft:stone_pickaxe":131,"minecraft:glow_berries":31,"minecraft:crafting_table":11,"minecraft:bread":14,"minecraft:iron_pickaxe":69,"minecraft:string":1,"minecraft:stone_axe":70,"minecraft:cobblestone":45,"minecraft:cooked_porkchop":17,"minecraft:porkchop":6,"minecraft:bone_meal":9},"minecraft:broken":{"minecraft:stone_pickaxe":1},"minecraft:dropped":{"minecraft:wheat_seeds":12,"minecraft:lapis_lazuli":13,"minecraft:cooked_beef":9,"minecraft:diamond":1,"minecraft:cooked_porkchop":2,"minecraft:crossbow":1,"minecraft:feather":2,"minecraft:cobblestone":61,"cobblemon:persim_berry":5,"minecraft:leather":4,"minecraft:copper_ingot":1,"cobblemon:moon_stone":1,"minecraft:acacia_log":3,"cobblemon:silver_powder":1,"minecraft:stick":1,"minecraft:flint":2,"minecraft:dirt":2,"cobblemon:white_apricorn":1,"minecraft:torch":2,"minecraft:brown_wool":2,"minecraft:iron_pickaxe":2,"cobblemon:leaf_stone":2,"minecraft:string":4,"minecraft:white_wool":5,"minecraft:spruce_sapling":2,"cobblemon:red_apricorn":2,"cobblemon:wepear_berry":1,"minecraft:cobbled_deepslate":54,"cobblemon:friend_ball":4,"minecraft:raw_iron":1,"minecraft:pointed_dripstone":2,"minecraft:chicken":3,"minecraft:rotten_flesh":2,"cobblemon:premier_ball":12,"cobblemon:nest_ball":5,"megamons:anistarite_geode_block":19,"cobblemon:never_melt_ice":2,"cobblemon:bluk_berry":16,"megamons:anistarite_rough_geode_block":3,"cobblemon:aspear_berry":4,"minecraft:spruce_planks":14,"cobblemon:heal_ball":6,"minecraft:blue_ice":3,"minecraft:spider_eye":1,"minecraft:arrow":8,"minecraft:stone_pickaxe":1,"minecraft:netherrack":11},"minecraft:crafted":{"cobblemon:slate_ball":8,"minecraft:furnace":2,"minecraft:bone_meal":9,"cobblemon:premier_ball":4,"minecraft:stone_pickaxe":1,"minecraft:golden_boots":1,"minecraft:wheat":108,"minecraft:cooked_beef":9,"minecraft:cooked_porkchop":18,"minecraft:crafting_table":11,"minecraft:spruce_planks":72,"minecraft:brown_bed":6,"minecraft:copper_ingot":17,"cobblemon:roseate_ball":4,"minecraft:stone_axe":1,"minecraft:bread":36,"minecraft:air":0,"cobblemon:heal_ball":12,"minecraft:shield":1,"minecraft:stick":12,"minecraft:iron_ingot":9,"minecraft:iron_pickaxe":2,"minecraft:gold_ingot":4,"cobblemon:friend_ball":4,"minecraft:acacia_planks":4,"minecraft:torch":16,"cobblemon:nest_ball":4},"minecraft:picked_up":{"cobblemon:leaf_stone":4,"minecraft:chicken":3,"minecraft:ladder":2,"cobblemon:yellow_apricorn":8,"cobblemon:red_apricorn":14,"minecraft:brown_bed":5,"cobblemon:charti_berry":1,"cobblemon:sharp_beak":1,"cobblemon:wepear_berry":1,"minecraft:string":5,"cobblemon:revival_herb":7,"minecraft:moss_carpet":1,"minecraft:raw_copper":105,"minecraft:white_carpet":2,"cobblemon:white_apricorn":16,"minecraft:gold_nugget":42,"minecraft:cobbled_deepslate":83,"cobblemon:green_apricorn":13,"cobblemon:white_apricorn_seed":1,"minecraft:beef":9,"cobblemon:oran_berry":49,"cobblemon:green_apricorn_seed":1,"minecraft:stick":7,"minecraft:raw_iron":29,"cobblemon:silver_powder":1,"minecraft:torch":19,"minecraft:acacia_log":4,"minecraft:porkchop":25,"minecraft:pointed_dripstone":2,"cobblemon:never_melt_ice":2,"minecraft:honey_bottle":1,"minecraft:arrow":8,"minecraft:rotten_flesh":2,"minecraft:hay_block":12,"cobblemon:verdant_ball":4,"minecraft:glow_berries":35,"cobblemon:blue_apricorn":11,"minecraft:snowball":1,"minecraft:white_wool":5,"minecraft:cobblestone":117,"minecraft:feather":2,"minecraft:leather":4,"minecraft:brown_wool":20,"cobblemon:roseate_ball":3,"minecraft:flint":2,"minecraft:tuff":8,"cobblemon:slate_ball":3,"cobblemon:bluk_berry":16,"megamons:anistarite_geode_block":65,"minecraft:lapis_lazuli":13,"minecraft:dirt":3,"cobblemon:pink_apricorn_seed":2,"minecraft:bone":3,"cobblemon:black_apricorn":14,"minecraft:wheat_seeds":12,"minecraft:stone_pickaxe":1,"cobblemon:thunder_stone":1,"minecraft:glowstone_dust":44,"cobblemon:moon_stone":2,"cobblemon:nest_ball":1,"cobblemon:sun_stone":1,"cobblemon:red_apricorn_seed":1,"cobblemon:kasib_berry":1,"minecraft:sweet_berries":2,"cobblemon:black_apricorn_seed":3,"cobblemon:blue_apricorn_seed":1,"cobblemon:fire_stone":2,"cobblemon:shiny_stone":1,"cobblemon:yellow_apricorn_seed":1,"cobblemon:premier_ball":12,"cobblemon:persim_berry":5,"minecraft:spruce_sapling":2,"cobblemon:pink_apricorn":17,"minecraft:spruce_log":18,"cobblemon:aspear_berry":4,"minecraft:spider_eye":1,"megamons:anistarite_rough_geode_block":3,"minecraft:diamond":1,"cobblemon:poke_ball":7,"minecraft:crossbow":1,"minecraft:blue_ice":3,"cobblemon:ice_stone":3,"minecraft:bread":1,"cobblemon:water_stone":1,"minecraft:netherrack":11,"minecraft:coal":52},"minecraft:custom":{"minecraft:mob_kills":21,"minecraft:interact_with_crafting_table":36,"minecraft:open_barrel":2,"minecraft:time_since_death":237546,"minecraft:climb_one_cm":7095,"minecraft:sprint_one_cm":831359,"minecraft:walk_one_cm":669103,"minecraft:damage_blocked_by_shield":610,"minecraft:drop":82,"minecraft:talked_to_villager":1,"minecraft:play_time":237546,"minecraft:sneak_time":7711,"minecraft:walk_under_water_one_cm":12219,"minecraft:jump":4380,"minecraft:walk_on_water_one_cm":27030,"minecraft:total_world_time":237546,"minecraft:interact_with_furnace":47,"minecraft:sleep_in_bed":16,"minecraft:time_since_rest":20296,"minecraft:damage_taken":970,"minecraft:damage_dealt":3158,"minecraft:swim_one_cm":45966,"minecraft:fly_one_cm":844489,"minecraft:open_chest":29,"minecraft:crouch_one_cm":25066,"minecraft:fall_one_cm":79009}},"DataVersion":3465}