{"stats":{"minecraft:killed":{"minecraft:skeleton":5,"minecraft:pig":1,"cobblemon:pokemon":6,"minecraft:creeper":3,"minecraft:zombie":8,"minecraft:cow":6},"minecraft:killed_by":{"minecraft:creeper":1},"minecraft:picked_up":{"minecraft:coarse_dirt":1,"minecraft:crafting_table":1,"minecraft:chicken":4,"minecraft:ladder":4,"cobblemon:yellow_apricorn":5,"cobblemon:red_apricorn":85,"cobblemon:charti_berry":1,"minecraft:potion":2,"cobblemon:sharp_beak":1,"minecraft:red_bed":1,"minecraft:raw_copper":99,"minecraft:iron_leggings":1,"minecraft:cobbled_deepslate":2,"minecraft:smooth_stone":6,"cobblemon:green_apricorn":98,"minecraft:beef":17,"cobblemon:oran_berry":129,"minecraft:iron_nugget":2,"minecraft:poppy":1,"cobblemon:dusk_stone":2,"cobblemon:big_root":3,"cobblemon:green_apricorn_seed":8,"minecraft:mangrove_log":5,"minecraft:furnace":8,"minecraft:blue_wool":1,"minecraft:raw_iron":12,"cobblemon:spell_tag":2,"minecraft:porkchop":5,"minecraft:carrot":2,"minecraft:arrow":5,"minecraft:rotten_flesh":10,"minecraft:hay_block":12,"cobblemon:air_balloon":1,"minecraft:mutton":2,"cobblemon:verdant_ball":1,"cobblemon:blue_apricorn":18,"minecraft:white_wool":6,"minecraft:cobblestone":44,"minecraft:cooked_beef":4,"minecraft:feather":12,"cobblemon:great_ball":3,"minecraft:leather":5,"minecraft:brown_wool":4,"cobblemon:kebia_berry":2,"cobblemon:focus_sash":2,"minecraft:potato":7,"cobblemon:razz_berry":5,"cobblemon:slate_ball":4,"minecraft:oak_log":29,"minecraft:gunpowder":4,"minecraft:yellow_bed":5,"minecraft:dirt":9,"minecraft:leather_boots":1,"minecraft:glass":10,"minecraft:bone":10,"minecraft:apple":10,"cobblemon:black_apricorn":109,"minecraft:wheat_seeds":23,"minecraft:rabbit_hide":3,"minecraft:stone_pickaxe":1,"minecraft:stripped_oak_wood":1,"minecraft:rabbit":1,"minecraft:honeycomb":2,"minecraft:iron_sword":3,"minecraft:oak_planks":88,"cobblemon:chilan_berry":1,"minecraft:scaffolding":8,"cobblemon:red_apricorn_seed":8,"minecraft:smooth_basalt":2,"cobblemon:black_apricorn_seed":6,"minecraft:dandelion":2,"cobblemon:cheri_berry":56,"minecraft:sand":17,"cobblemon:persim_berry":5,"cobblemon:pink_apricorn":3,"minecraft:white_bed":1,"minecraft:stone_axe":1,"minecraft:bone_meal":1,"minecraft:bread":1,"cobblemon:water_stone":4,"cobblemon:chesto_berry":38,"minecraft:coal":47,"minecraft:pink_dye":1,"minecraft:sunflower":6},"minecraft:mined":{"minecraft:white_bed":1,"cobblemon:big_root":3,"minecraft:ladder":4,"minecraft:grass_block":8,"minecraft:spruce_leaves":8,"minecraft:hay_block":12,"minecraft:furnace":6,"minecraft:carrots":4,"minecraft:iron_ore":13,"cobblemon:black_apricorn":1,"minecraft:potatoes":8,"minecraft:stone":48,"cobblemon:water_stone_ore":2,"minecraft:red_bed":1,"minecraft:dandelion":2,"minecraft:crafting_table":1,"cobblemon:apricorn_leaves":2,"minecraft:cobblestone":3,"minecraft:copper_ore":34,"minecraft:tall_grass":39,"minecraft:oak_planks":1,"minecraft:wheat":5,"minecraft:ice":10,"minecraft:birch_leaves":4,"cobblemon:dusk_stone_ore":1,"minecraft:yellow_bed":5,"minecraft:grass":143,"minecraft:coal_ore":20,"minecraft:oak_log":15,"minecraft:sunflower":13,"minecraft:mangrove_log":5,"minecraft:smooth_basalt":3,"minecraft:oak_leaves":5},"minecraft:used":{"minecraft:ladder":4,"minecraft:chest":1,"minecraft:iron_sword":60,"minecraft:stone_hoe":12,"minecraft:rotten_flesh":1,"minecraft:torch":1,"minecraft:dirt":7,"minecraft:carrot":2,"cobblemon:pc":1,"minecraft:bow":8,"minecraft:scaffolding":8,"minecraft:furnace":5,"minecraft:cooked_beef":6,"minecraft:iron_leggings":2,"minecraft:wheat_seeds":5,"minecraft:stone_pickaxe":119,"minecraft:oak_planks":2,"minecraft:wooden_pickaxe":19,"minecraft:leather_boots":1,"minecraft:crafting_table":7,"minecraft:red_bed":1,"cobblemon:black_apricorn_seed":6,"minecraft:white_bed":1,"minecraft:oak_log":1,"cobblemon:green_apricorn_seed":8,"minecraft:apple":13,"minecraft:bread":33,"minecraft:brown_wool":1,"cobblemon:razz_berry":1,"cobblemon:blue_apricorn":10,"minecraft:stone_axe":58,"minecraft:cobblestone":21,"cobblemon:red_apricorn_seed":8,"minecraft:stripped_oak_wood":1,"minecraft:cooked_porkchop":2,"minecraft:cooked_rabbit":1,"minecraft:yellow_bed":5,"minecraft:bone_meal":19},"minecraft:custom":{"minecraft:mob_kills":30,"minecraft:interact_with_crafting_table":33,"minecraft:open_barrel":8,"minecraft:time_since_death":19474,"minecraft:climb_one_cm":29565,"minecraft:sprint_one_cm":890068,"minecraft:walk_one_cm":566048,"minecraft:drop":72,"minecraft:talked_to_villager":9,"minecraft:play_time":287746,"minecraft:deaths":1,"minecraft:sneak_time":2250,"minecraft:walk_under_water_one_cm":1064,"minecraft:jump":4226,"minecraft:walk_on_water_one_cm":2401,"minecraft:total_world_time":287746,"minecraft:interact_with_furnace":39,"minecraft:traded_with_villager":1,"minecraft:sleep_in_bed":25,"minecraft:time_since_rest":7274,"minecraft:damage_taken":1233,"minecraft:damage_dealt":4277,"minecraft:swim_one_cm":20079,"minecraft:fly_one_cm":831021,"minecraft:open_chest":60,"minecraft:crouch_one_cm":3133,"minecraft:fall_one_cm":88714},"minecraft:crafted":{"minecraft:oak_planks":56,"cobblemon:slate_ball":36,"minecraft:furnace":1,"minecraft:bone_meal":18,"minecraft:pink_dye":1,"minecraft:glass":11,"minecraft:stone_pickaxe":1,"minecraft:chest":1,"minecraft:stone_hoe":1,"minecraft:cooked_rabbit":1,"minecraft:wheat":108,"minecraft:cooked_beef":2,"minecraft:cooked_porkchop":2,"minecraft:crafting_table":6,"cobblemon:verdant_ball":4,"minecraft:wooden_pickaxe":1,"cobblemon:park_ball":4,"cobblemon:pc":1,"minecraft:copper_ingot":93,"minecraft:mangrove_planks":20,"minecraft:stone_axe":1,"minecraft:bread":42,"minecraft:air":0,"minecraft:stick":12,"minecraft:iron_ingot":15,"minecraft:torch":4,"cobblemon:ultra_ball":4,"cobblemon:great_ball":8,"cobblemon:relic_coin_pouch":8},"minecraft:dropped":{"minecraft:bread":2,"minecraft:iron_sword":1,"minecraft:wheat_seeds":5,"minecraft:oak_log":14,"minecraft:iron_helmet":1,"minecraft:cobblestone":4,"cobblemon:focus_sash":2,"minecraft:leather":5,"minecraft:apple":12,"minecraft:mangrove_planks":1,"minecraft:saddle":2,"cobblemon:vivichoke_seeds":1,"cobblemon:oran_berry":9,"minecraft:stick":2,"cobblemon:pink_apricorn":2,"cobblemon:razz_berry":4,"cobblemon:slate_ball":8,"minecraft:mutton":2,"minecraft:brown_wool":2,"minecraft:sunflower":6,"cobblemon:great_ball":4,"minecraft:string":6,"minecraft:dandelion":2,"cobblemon:ultra_ball":4,"minecraft:bone":2,"minecraft:iron_nugget":2,"minecraft:coarse_dirt":1,"minecraft:raw_copper":8,"minecraft:pink_dye":2,"minecraft:chicken":4,"minecraft:rotten_flesh":9,"minecraft:oak_planks":48,"cobblemon:kings_rock":1,"minecraft:poppy":2,"minecraft:rabbit_hide":3,"minecraft:arrow":5,"minecraft:beef":2,"minecraft:wooden_pickaxe":1}},"DataVersion":3465}