{"stats":{"minecraft:used":{"minecraft:stone_sword":24,"minecraft:sandstone_stairs":3,"minecraft:spruce_door":1,"spartanshields:wooden_basic_shield":28,"minecraft:birch_planks":1,"minecraft:stone_pickaxe":86,"minecraft:shield":80,"minecraft:birch_boat":1,"minecraft:sandstone":4,"minecraft:quartz_stairs":1,"minecraft:torch":6,"anthropology_items__structures:hunters_machete":73,"minecraft:dirt":28,"minecraft:crafting_table":5,"minecraft:spruce_fence":1,"minecraft:apple":1,"tombstone:grave_key":1,"minecraft:stone_axe":27,"minecraft:fishing_rod":15,"minecraft:cobblestone":22,"minecraft:furnace":3,"minecraft:cooked_porkchop":3,"tombstone:gift":6,"minecraft:oak_boat":3,"minecraft:cooked_beef":9,"minecraft:experience_bottle":1},"minecraft:killed_by":{"cataclysm:deepling_brute":1,"mysti:sea_serpent":3,"alexsmobs:grizzly_bear":2},"minecraft:broken":{"minecraft:shield":1,"spartanshields:wooden_basic_shield":1},"minecraft:picked_up":{"minecraft:birch_log":7,"create_new_age:thorium":28,"minecraft:salmon":13,"alexsmobs:bear_fur":3,"minecraft:enchanted_book":1,"alexsmobs:cachalot_whale_tooth":1,"minecraft:oak_log":18,"minecraft:dirt":31,"tombstone:gift":1,"minecraft:bone":4,"minecraft:experience_bottle":1,"minecraft:apple":1,"minecraft:oak_boat":3,"spartanshields:wooden_basic_shield":1,"minecraft:quartz_stairs":1,"minecraft:birch_sapling":3,"minecraft:furnace":3,"minecraft:raw_iron":12,"minecraft:stick":13,"minecraft:sandstone":4,"minecraft:cooked_porkchop":4,"minecraft:spruce_fence":1,"minecraft:porkchop":12,"minecraft:spruce_sapling":16,"minecraft:ink_sac":6,"minecraft:carrot":2,"minecraft:spruce_log":38,"minecraft:arrow":2,"minecraft:rotten_flesh":3,"minecraft:sandstone_stairs":3,"minecraft:bone_meal":2,"immersive_melodies:flute":1,"supplementaries:ash":1,"minecraft:oak_sapling":24,"minecraft:cod":5,"minecraft:coal":22,"minecraft:cobblestone":41},"minecraft:killed":{"mysti:sea_serpent":2,"minecraft:pig":10,"alexsmobs:grizzly_bear":4,"minecraft:salmon":2,"minecraft:spider":2,"minecraft:cod":6,"minecraft:skeleton":6,"enemyexpansion:meature":2,"minecraft:zombie":4,"alexsmobs:crow":2,"minecraft:player":1,"enemyexpansion:goblin":2},"minecraft:custom":{"minecraft:interact_with_furnace":15,"spartanshields:shield_bash_hits":1,"minecraft:mob_kills":21,"minecraft:interact_with_crafting_table":14,"minecraft:open_barrel":13,"minecraft:time_since_death":3857,"minecraft:sleep_in_bed":2,"minecraft:climb_one_cm":520,"minecraft:time_since_rest":3629,"minecraft:sprint_one_cm":108157,"minecraft:damage_taken":2475,"minecraft:walk_one_cm":95688,"minecraft:damage_blocked_by_shield":3460,"minecraft:drop":15,"minecraft:damage_dealt":4511,"minecraft:swim_one_cm":97903,"minecraft:talked_to_villager":1,"minecraft:fly_one_cm":129204,"minecraft:player_kills":1,"minecraft:open_chest":6,"minecraft:crouch_one_cm":3896,"minecraft:deaths":6,"minecraft:play_time":72466,"tombstone:undead_killed":6,"minecraft:sneak_time":1555,"minecraft:walk_under_water_one_cm":20097,"minecraft:boat_one_cm":239867,"minecraft:jump":988,"minecraft:walk_on_water_one_cm":25404,"minecraft:total_world_time":72466,"minecraft:fall_one_cm":21102},"minecraft:crafted":{"minecraft:cooked_beef":15,"minecraft:oak_planks":12,"minecraft:cooked_porkchop":5,"minecraft:crafting_table":5,"minecraft:spruce_planks":5,"minecraft:birch_boat":1,"minecraft:spruce_door":3,"minecraft:furnace":1,"immersive_melodies:flute":3,"minecraft:birch_planks":7,"minecraft:stone_axe":1,"minecraft:air":49,"minecraft:oak_boat":1,"minecraft:stick":4,"minecraft:iron_ingot":1,"minecraft:stone_pickaxe":1,"minecraft:stone_sword":1,"spartanshields:wooden_basic_shield":2,"immersive_melodies:bagpipe":1,"minecraft:torch":8},"minecraft:mined":{"minecraft:quartz_stairs":1,"minecraft:dark_oak_leaves":1,"farmersdelight:wild_carrots":2,"minecraft:grass_block":4,"create_new_age:thorium_ore":7,"minecraft:spruce_leaves":2,"minecraft:sandstone":4,"minecraft:sandstone_stairs":3,"minecraft:furnace":3,"minecraft:iron_ore":9,"minecraft:spruce_log":31,"treechop:chopped_log":3,"minecraft:grass":8,"minecraft:oak_log":20,"minecraft:coal_ore":13,"minecraft:dirt":1,"minecraft:stone":45,"minecraft:oak_leaves":1},"minecraft:dropped":{"minecraft:enchanted_book":1,"minecraft:birch_planks":10,"minecraft:cooked_porkchop":4,"immersive_melodies:flute":1,"minecraft:cobblestone":3,"minecraft:oak_planks":2,"minecraft:spruce_door":2,"spartanshields:wooden_basic_shield":2,"minecraft:dirt":3,"minecraft:bone_meal":2,"minecraft:arrow":2,"minecraft:fishing_rod":1}},"DataVersion":3465}