{"stats":{"minecraft:used":{"minecraft:glass_bottle":18,"minecraft:iron_axe":13,"minecraft:bread":5,"minecraft:iron_pickaxe":19,"minecraft:iron_helmet":1,"minecraft:shield":2,"minecraft:iron_sword":7,"minecraft:iron_boots":1,"minecraft:golden_leggings":1,"minecraft:iron_chestplate":1,"minecraft:torch":4,"minecraft:dirt":3,"minecraft:potion":3,"minecraft:crafting_table":2,"minecraft:red_bed":1,"minecraft:furnace":1,"minecraft:deepslate_brick_slab":2},"minecraft:killed":{"minecraft:zombie":1,"graveyard:revenant":1,"notdeer:deer":1},"minecraft:mined":{"minecraft:deepslate_brick_slab":1,"minecraft:red_bed":2,"antlers:bloody_fox":1,"minecraft:gold_block":1,"minecraft:torch":1,"minecraft:oak_log":6,"minecraft:dirt":3,"minecraft:sand":9,"minecraft:spruce_leaves":1,"creepingwoods:creeping_birch_log":1,"minecraft:stone":16,"minecraft:oak_leaves":1},"minecraft:dropped":{"minecraft:shield":1,"minecraft:iron_chestplate":1,"minecraft:potion":7,"creepingwoods:flashlight":1},"minecraft:picked_up":{"betteranimalsplus:calamari_raw":2,"minecraft:torch":1,"minecraft:potion":40,"minecraft:stripped_spruce_log":1,"minecraft:sand":9,"creepingwoods:flashlight":1,"minecraft:oak_log":2,"minecraft:red_bed":2,"minecraft:dirt":3,"antlers:tomahawkitem":1,"minecraft:iron_axe":1,"graveyard:corruption":1,"minecraft:deepslate_brick_slab":2,"minecraft:glass_bottle":3,"notdeer:venison_raw":2,"minecraft:cobblestone":16},"minecraft:custom":{"minecraft:time_since_rest":2206,"minecraft:interact_with_furnace":6,"minecraft:sprint_one_cm":76413,"minecraft:damage_taken":343,"minecraft:walk_one_cm":132556,"minecraft:damage_blocked_by_shield":140,"minecraft:trigger_trapped_chest":1,"minecraft:mob_kills":5,"minecraft:drop":4,"minecraft:damage_dealt":881,"minecraft:swim_one_cm":5526,"minecraft:interact_with_crafting_table":5,"minecraft:fly_one_cm":41782,"minecraft:open_barrel":15,"minecraft:open_chest":17,"minecraft:crouch_one_cm":5951,"minecraft:play_time":40917,"minecraft:interact_with_campfire":41,"minecraft:sneak_time":1727,"minecraft:walk_under_water_one_cm":1385,"minecraft:interact_with_lectern":2,"minecraft:jump":316,"minecraft:walk_on_water_one_cm":3992,"minecraft:leave_game":3,"minecraft:time_since_death":40917,"minecraft:climb_one_cm":1518,"minecraft:sleep_in_bed":6,"minecraft:interact_with_smoker":1,"minecraft:total_world_time":40917,"minecraft:fall_one_cm":8011},"minecraft:crafted":{"minecraft:glass_bottle":5,"minecraft:glass":16,"antlers:tomahawkitem":8,"minecraft:oak_planks":2,"minecraft:shield":2,"minecraft:crafting_table":2,"minecraft:iron_nugget":9,"minecraft:spruce_planks":1,"minecraft:furnace":2,"minecraft:acacia_planks":2,"minecraft:torch":1,"minecraft:air":50,"minecraft:jungle_planks":2}},"DataVersion":3120}