{"stats":{"minecraft:crafted":{"minecraft:oak_planks":68,"minecraft:birch_boat":1,"cobblemon:slate_ball":60,"minecraft:lightning_rod":1,"minecraft:furnace":1,"minecraft:bone_meal":27,"minecraft:pink_dye":1,"minecraft:glass":11,"minecraft:stone_pickaxe":2,"minecraft:chest":3,"minecraft:stone_hoe":1,"minecraft:cooked_rabbit":1,"minecraft:wheat":108,"minecraft:cooked_beef":8,"minecraft:cooked_porkchop":2,"minecraft:crafting_table":13,"cobblemon:verdant_ball":32,"minecraft:wooden_pickaxe":1,"cobblemon:park_ball":4,"cobblemon:pc":1,"minecraft:copper_ingot":93,"minecraft:mangrove_planks":20,"minecraft:birch_planks":56,"minecraft:stone_axe":1,"minecraft:bread":42,"minecraft:air":0,"minecraft:stick":16,"minecraft:iron_ingot":26,"minecraft:iron_pickaxe":1,"minecraft:white_bed":1,"minecraft:torch":4,"cobblemon:ultra_ball":4,"cobblemon:great_ball":8,"cobblemon:relic_coin_pouch":8,"cobblemon:nest_ball":4},"minecraft:mined":{"minecraft:spruce_planks":4,"minecraft:white_bed":4,"minecraft:stripped_birch_log":3,"cobblemon:big_root":3,"minecraft:ladder":4,"minecraft:grass_block":20,"minecraft:decorated_pot":7,"minecraft:spruce_leaves":10,"minecraft:hay_block":12,"minecraft:smooth_stone":2,"minecraft:furnace":8,"minecraft:carrots":4,"minecraft:iron_ore":16,"cobblemon:black_apricorn":1,"minecraft:potatoes":8,"minecraft:deepslate_iron_ore":15,"minecraft:stone":58,"cobblemon:water_stone_ore":2,"minecraft:red_bed":1,"minecraft:amethyst_cluster":9,"minecraft:dandelion":2,"minecraft:crafting_table":2,"cobblemon:blue_mint":1,"minecraft:torch":1,"cobblemon:apricorn_leaves":2,"minecraft:calcite":4,"minecraft:cobblestone":3,"minecraft:tall_grass":49,"minecraft:copper_ore":40,"minecraft:birch_wood":2,"minecraft:deepslate_coal_ore":1,"minecraft:oak_planks":1,"minecraft:wall_torch":1,"cobblemon:deepslate_dawn_stone_ore":1,"minecraft:amethyst_block":5,"minecraft:birch_log":9,"minecraft:ice":10,"minecraft:wheat":5,"minecraft:birch_leaves":4,"cobblemon:dusk_stone_ore":1,"minecraft:yellow_bed":5,"minecraft:grass":181,"minecraft:coal_ore":33,"minecraft:oak_log":18,"minecraft:dirt":2,"minecraft:sunflower":13,"minecraft:gravel":1,"minecraft:mangrove_log":5,"minecraft:smooth_basalt":3,"minecraft:oak_leaves":5},"minecraft:custom":{"minecraft:mob_kills":44,"minecraft:interact_with_crafting_table":49,"minecraft:open_barrel":8,"minecraft:time_since_death":63435,"minecraft:climb_one_cm":47123,"minecraft:sprint_one_cm":1422451,"minecraft:walk_one_cm":875858,"minecraft:drop":100,"minecraft:talked_to_villager":10,"minecraft:play_time":473602,"minecraft:deaths":2,"minecraft:sneak_time":4811,"minecraft:walk_under_water_one_cm":74688,"minecraft:boat_one_cm":23489,"minecraft:jump":7722,"minecraft:walk_on_water_one_cm":25980,"minecraft:total_world_time":473602,"minecraft:interact_with_furnace":53,"minecraft:traded_with_villager":1,"minecraft:sleep_in_bed":36,"minecraft:time_since_rest":7840,"minecraft:damage_taken":3109,"minecraft:damage_dealt":5648,"minecraft:swim_one_cm":301510,"minecraft:fly_one_cm":1509341,"minecraft:open_chest":74,"minecraft:crouch_one_cm":6518,"minecraft:fall_one_cm":191114},"minecraft:killed":{"minecraft:spider":4,"minecraft:skeleton":9,"minecraft:chicken":1,"minecraft:pig":2,"cobblemon:pokemon":7,"minecraft:creeper":5,"minecraft:zombie":9,"minecraft:cow":6},"minecraft:dropped":{"minecraft:bread":2,"minecraft:iron_sword":1,"minecraft:wheat_seeds":20,"minecraft:oak_log":14,"minecraft:glass_bottle":1,"minecraft:decorated_pot":6,"cobblemon:blue_mint_seeds":1,"minecraft:iron_helmet":1,"minecraft:cobblestone":10,"cobblemon:focus_sash":2,"minecraft:leather":5,"minecraft:apple":12,"cobblemon:verdant_ball":4,"minecraft:mangrove_planks":1,"minecraft:saddle":2,"cobblemon:oran_berry":9,"cobblemon:vivichoke_seeds":1,"cobblemon:pink_apricorn":2,"minecraft:stick":3,"cobblemon:razz_berry":10,"cobblemon:slate_ball":8,"minecraft:mutton":2,"minecraft:brown_wool":6,"minecraft:sunflower":6,"cobblemon:great_ball":4,"minecraft:string":6,"minecraft:smooth_basalt":3,"cobblemon:ultra_ball":4,"minecraft:bone":3,"minecraft:dandelion":2,"minecraft:gravel":1,"minecraft:coarse_dirt":1,"minecraft:iron_nugget":2,"minecraft:raw_copper":8,"minecraft:pink_dye":2,"minecraft:chicken":4,"minecraft:rotten_flesh":11,"minecraft:oak_planks":48,"cobblemon:nest_ball":4,"cobblemon:kings_rock":1,"minecraft:poppy":2,"minecraft:rabbit_hide":3,"cobblemon:aspear_berry":16,"minecraft:beef":2,"minecraft:arrow":6,"minecraft:stone_pickaxe":2,"minecraft:wooden_pickaxe":1},"minecraft:broken":{"minecraft:stone_pickaxe":1},"minecraft:picked_up":{"minecraft:coarse_dirt":1,"minecraft:crafting_table":2,"minecraft:chicken":5,"minecraft:ladder":4,"cobblemon:yellow_apricorn":17,"cobblemon:blue_mint_leaf":4,"cobblemon:red_apricorn":144,"cobblemon:charti_berry":2,"minecraft:potion":3,"cobblemon:sharp_beak":1,"minecraft:amethyst_block":5,"minecraft:red_bed":1,"minecraft:raw_copper":125,"minecraft:iron_leggings":2,"minecraft:smooth_stone":10,"minecraft:cobbled_deepslate":2,"cobblemon:green_apricorn":161,"minecraft:spruce_planks":4,"minecraft:beef":29,"cobblemon:oran_berry":316,"cobblemon:relic_coin":48,"minecraft:poppy":1,"cobblemon:oval_stone":2,"minecraft:calcite":9,"minecraft:iron_nugget":2,"minecraft:iron_pickaxe":1,"cobblemon:dusk_stone":2,"cobblemon:big_root":3,"cobblemon:green_apricorn_seed":11,"minecraft:mangrove_log":5,"minecraft:egg":2,"minecraft:furnace":11,"minecraft:blue_wool":1,"minecraft:raw_iron":34,"cobblemon:spell_tag":3,"minecraft:copper_ingot":47,"minecraft:torch":2,"minecraft:porkchop":19,"minecraft:lightning_rod":1,"minecraft:carrot":2,"cobblemon:blue_mint_seeds":2,"cobblemon:dawn_stone":2,"minecraft:arrow":7,"minecraft:honey_bottle":2,"minecraft:rotten_flesh":12,"minecraft:decorated_pot":6,"minecraft:hay_block":12,"cobblemon:air_balloon":1,"cobblemon:absorb_bulb":2,"minecraft:mutton":2,"cobblemon:verdant_ball":32,"cobblemon:blue_apricorn":18,"minecraft:white_wool":6,"minecraft:cobblestone":55,"minecraft:birch_log":9,"minecraft:feather":21,"cobblemon:great_ball":3,"minecraft:cooked_beef":4,"cobblemon:electirizer":1,"minecraft:brown_wool":8,"minecraft:leather":5,"cobblemon:kebia_berry":2,"cobblemon:focus_sash":2,"minecraft:potato":7,"cobblemon:razz_berry":11,"minecraft:birch_planks":22,"minecraft:oak_log":32,"cobblemon:slate_ball":23,"minecraft:yellow_bed":5,"minecraft:gunpowder":4,"minecraft:stripped_birch_log":3,"minecraft:dirt":31,"minecraft:leather_boots":2,"minecraft:glass":20,"minecraft:bone":14,"minecraft:apple":10,"minecraft:bow":1,"minecraft:wheat_seeds":48,"cobblemon:black_apricorn":167,"minecraft:stone_pickaxe":2,"minecraft:rabbit_hide":3,"minecraft:birch_wood":2,"minecraft:iron_ingot":5,"minecraft:stripped_oak_wood":1,"minecraft:rabbit":1,"minecraft:stone_hoe":1,"minecraft:iron_sword":4,"minecraft:honeycomb":5,"minecraft:oak_planks":89,"cobblemon:poison_barb":1,"cobblemon:chilan_berry":1,"cobblemon:red_apricorn_seed":9,"minecraft:scaffolding":8,"cobblemon:sun_stone":1,"cobblemon:rare_candy":5,"minecraft:smooth_basalt":3,"cobblemon:black_apricorn_seed":12,"minecraft:dandelion":2,"minecraft:gravel":1,"cobblemon:cheri_berry":72,"minecraft:sand":17,"cobblemon:yellow_apricorn_seed":2,"minecraft:amethyst_shard":36,"cobblemon:persim_berry":5,"cobblemon:pink_apricorn":3,"minecraft:white_bed":5,"cobblemon:aspear_berry":16,"minecraft:stone_axe":2,"minecraft:bone_meal":1,"minecraft:bread":1,"cobblemon:chesto_berry":38,"cobblemon:water_stone":4,"minecraft:coal":72,"minecraft:pink_dye":1,"minecraft:sunflower":6},"minecraft:used":{"minecraft:ladder":4,"minecraft:chest":3,"minecraft:spruce_planks":4,"minecraft:iron_sword":88,"minecraft:stone_hoe":12,"minecraft:rotten_flesh":1,"minecraft:torch":6,"minecraft:dirt":28,"minecraft:carrot":2,"minecraft:honey_bottle":4,"cobblemon:pc":1,"minecraft:bow":26,"minecraft:scaffolding":8,"minecraft:furnace":8,"minecraft:egg":2,"minecraft:cooked_beef":12,"minecraft:iron_leggings":2,"minecraft:calcite":9,"minecraft:wheat_seeds":5,"minecraft:birch_planks":23,"minecraft:stone_pickaxe":158,"minecraft:oak_planks":27,"minecraft:wooden_pickaxe":19,"minecraft:birch_boat":1,"minecraft:leather_boots":1,"cobblemon:yellow_apricorn_seed":2,"cobblemon:black_apricorn_seed":12,"minecraft:crafting_table":15,"minecraft:red_bed":1,"minecraft:white_bed":4,"minecraft:lightning_rod":2,"minecraft:oak_log":1,"cobblemon:green_apricorn_seed":11,"minecraft:apple":13,"minecraft:bread":68,"minecraft:iron_pickaxe":39,"minecraft:brown_wool":1,"cobblemon:razz_berry":1,"minecraft:chicken":1,"cobblemon:blue_apricorn":10,"minecraft:stone_axe":80,"cobblemon:red_apricorn_seed":9,"minecraft:cobblestone":28,"minecraft:porkchop":11,"minecraft:cooked_porkchop":2,"minecraft:stripped_oak_wood":1,"minecraft:cooked_rabbit":1,"minecraft:yellow_bed":5,"minecraft:smooth_stone":2,"minecraft:bone_meal":28},"minecraft:killed_by":{"minecraft:creeper":1}},"DataVersion":3465}