{"stats":{"minecraft:killed":{"minecraft:pig":1,"cobblemon:pokemon":5,"minecraft:skeleton":3,"minecraft:zombie":1,"minecraft:cow":6},"minecraft:picked_up":{"minecraft:crafting_table":1,"minecraft:cooked_beef":4,"minecraft:ladder":4,"cobblemon:yellow_apricorn":5,"minecraft:brown_wool":4,"minecraft:leather":5,"cobblemon:red_apricorn":5,"cobblemon:focus_sash":2,"minecraft:potato":7,"cobblemon:razz_berry":5,"minecraft:red_bed":1,"minecraft:raw_copper":99,"minecraft:bone":6,"minecraft:wheat_seeds":5,"cobblemon:black_apricorn":10,"cobblemon:green_apricorn":4,"minecraft:rabbit_hide":2,"minecraft:beef":15,"cobblemon:oran_berry":33,"cobblemon:big_root":1,"minecraft:rabbit":1,"cobblemon:green_apricorn_seed":1,"minecraft:mangrove_log":5,"minecraft:furnace":4,"minecraft:blue_wool":1,"cobblemon:red_apricorn_seed":2,"minecraft:raw_iron":6,"minecraft:porkchop":5,"cobblemon:persim_berry":5,"cobblemon:pink_apricorn":3,"minecraft:white_bed":1,"minecraft:carrot":2,"minecraft:arrow":4,"minecraft:rotten_flesh":1,"minecraft:bone_meal":1,"minecraft:pink_dye":1,"cobblemon:blue_apricorn":18,"minecraft:coal":46,"minecraft:cobblestone":39},"minecraft:mined":{"minecraft:white_bed":1,"minecraft:red_bed":1,"cobblemon:big_root":2,"minecraft:crafting_table":1,"cobblemon:apricorn_leaves":2,"minecraft:ladder":4,"minecraft:grass_block":1,"minecraft:copper_ore":34,"minecraft:cobblestone":3,"minecraft:spruce_leaves":6,"minecraft:furnace":4,"minecraft:carrots":4,"minecraft:iron_ore":6,"minecraft:wheat":5,"minecraft:ice":10,"cobblemon:black_apricorn":1,"minecraft:birch_leaves":3,"minecraft:grass":4,"minecraft:potatoes":8,"minecraft:coal_ore":19,"minecraft:mangrove_log":5,"minecraft:stone":43,"minecraft:oak_leaves":1},"minecraft:used":{"minecraft:wheat_seeds":5,"minecraft:stone_pickaxe":98,"minecraft:ladder":4,"minecraft:wooden_pickaxe":19,"minecraft:rotten_flesh":1,"minecraft:leather_boots":1,"minecraft:crafting_table":4,"minecraft:carrot":2,"minecraft:white_bed":1,"minecraft:apple":10,"minecraft:bread":9,"minecraft:brown_wool":1,"cobblemon:razz_berry":1,"cobblemon:blue_apricorn":10,"minecraft:stone_axe":39,"minecraft:cobblestone":11,"minecraft:furnace":5,"minecraft:cooked_porkchop":2,"minecraft:cooked_rabbit":1,"minecraft:cooked_beef":6,"minecraft:bone_meal":13,"minecraft:iron_leggings":1},"minecraft:custom":{"minecraft:interact_with_furnace":32,"minecraft:mob_kills":17,"minecraft:traded_with_villager":1,"minecraft:interact_with_crafting_table":11,"minecraft:open_barrel":7,"minecraft:time_since_death":113746,"minecraft:sleep_in_bed":10,"minecraft:climb_one_cm":9547,"minecraft:time_since_rest":8403,"minecraft:sprint_one_cm":406672,"minecraft:damage_taken":383,"minecraft:walk_one_cm":293299,"minecraft:drop":35,"minecraft:damage_dealt":2183,"minecraft:swim_one_cm":17447,"minecraft:talked_to_villager":9,"minecraft:fly_one_cm":383217,"minecraft:open_chest":16,"minecraft:crouch_one_cm":2051,"minecraft:play_time":113746,"minecraft:sneak_time":964,"minecraft:walk_under_water_one_cm":979,"minecraft:jump":1750,"minecraft:walk_on_water_one_cm":1253,"minecraft:total_world_time":113746,"minecraft:fall_one_cm":25772},"minecraft:dropped":{"minecraft:bread":1,"minecraft:raw_copper":8,"minecraft:pink_dye":2,"minecraft:iron_helmet":1,"minecraft:cobblestone":4,"cobblemon:focus_sash":2,"minecraft:leather":5,"minecraft:mangrove_planks":1,"minecraft:saddle":2,"cobblemon:oran_berry":9,"cobblemon:vivichoke_seeds":1,"minecraft:stick":2,"cobblemon:pink_apricorn":1,"minecraft:rabbit_hide":2,"cobblemon:razz_berry":4,"minecraft:brown_wool":2,"minecraft:arrow":4,"minecraft:wooden_pickaxe":1,"cobblemon:great_ball":4,"minecraft:string":6},"minecraft:crafted":{"minecraft:cooked_beef":2,"minecraft:cooked_porkchop":2,"minecraft:crafting_table":3,"minecraft:wooden_pickaxe":1,"minecraft:furnace":1,"minecraft:copper_ingot":93,"minecraft:mangrove_planks":20,"minecraft:bone_meal":12,"minecraft:stone_axe":1,"minecraft:pink_dye":1,"minecraft:bread":6,"minecraft:air":0,"minecraft:stick":8,"minecraft:iron_ingot":9,"minecraft:stone_pickaxe":1,"cobblemon:great_ball":8,"minecraft:cooked_rabbit":1}},"DataVersion":3465}