{"stats":{"minecraft:mined":{"minecraft:large_fern":1,"minecraft:iron_ore":1,"minecraft:sweet_berry_bush":2,"minecraft:spruce_log":6,"minecraft:powder_snow":3,"minecraft:ladder":2,"minecraft:grass":4,"minecraft:grass_block":3,"minecraft:deepslate_iron_ore":2,"minecraft:copper_ore":2,"minecraft:spruce_leaves":7,"minecraft:stone":12},"minecraft:used":{"minecraft:stone_pickaxe":17,"minecraft:ladder":2,"minecraft:stone_axe":31,"minecraft:dirt":1,"minecraft:sweet_berries":2,"minecraft:crafting_table":1,"minecraft:cooked_porkchop":4,"minecraft:porkchop":6,"minecraft:snowball":1,"minecraft:brown_bed":2},"minecraft:killed":{"minecraft:pig":2,"cobblemon:pokemon":5,"minecraft:cow":4},"minecraft:dropped":{"minecraft:dirt":1,"minecraft:wheat_seeds":1,"minecraft:cooked_porkchop":2},"minecraft:picked_up":{"minecraft:raw_iron":3,"minecraft:chicken":1,"minecraft:ladder":2,"minecraft:sweet_berries":2,"cobblemon:yellow_apricorn":2,"minecraft:leather":4,"minecraft:brown_wool":19,"cobblemon:black_apricorn_seed":2,"minecraft:porkchop":24,"cobblemon:yellow_apricorn_seed":1,"cobblemon:slate_ball":1,"minecraft:spruce_sapling":1,"cobblemon:persim_berry":5,"minecraft:spruce_log":6,"cobblemon:aspear_berry":1,"cobblemon:never_melt_ice":2,"minecraft:dirt":3,"minecraft:raw_copper":8,"cobblemon:black_apricorn":5,"minecraft:wheat_seeds":1,"cobblemon:green_apricorn":5,"minecraft:beef":9,"cobblemon:oran_berry":10,"cobblemon:green_apricorn_seed":1,"minecraft:snowball":1,"minecraft:cobblestone":20},"minecraft:crafted":{"minecraft:cooked_beef":9,"minecraft:cooked_porkchop":15,"minecraft:crafting_table":1,"minecraft:spruce_planks":4,"minecraft:stick":4,"minecraft:iron_ingot":3,"minecraft:stone_pickaxe":1,"cobblemon:slate_ball":4,"minecraft:brown_bed":2,"minecraft:copper_ingot":8,"minecraft:stone_axe":1,"minecraft:air":0},"minecraft:custom":{"minecraft:time_since_rest":9442,"minecraft:interact_with_furnace":15,"minecraft:sprint_one_cm":138491,"minecraft:damage_taken":210,"minecraft:walk_one_cm":148525,"minecraft:mob_kills":11,"minecraft:drop":3,"minecraft:damage_dealt":1397,"minecraft:interact_with_crafting_table":7,"minecraft:fly_one_cm":180041,"minecraft:crouch_one_cm":2599,"minecraft:play_time":39546,"minecraft:sneak_time":704,"minecraft:walk_under_water_one_cm":4096,"minecraft:jump":827,"minecraft:walk_on_water_one_cm":4080,"minecraft:time_since_death":39546,"minecraft:sleep_in_bed":3,"minecraft:climb_one_cm":2432,"minecraft:total_world_time":39546,"minecraft:fall_one_cm":11148}},"DataVersion":3465}