{"stats":{"minecraft:used":{"minecraft:glass_bottle":22,"tacz:gun_smith_table":1,"minecraft:shield":17,"minecraft:iron_sword":64,"minecraft:iron_chestplate":1,"minecraft:torch":5,"minecraft:dirt":3,"minecraft:crafting_table":3,"minecraft:red_bed":3,"minecraft:deepslate_brick_slab":2,"minecraft:oak_log":3,"minecraft:iron_axe":35,"minecraft:bread":11,"minecraft:iron_pickaxe":21,"minecraft:iron_helmet":1,"minecraft:iron_boots":1,"minecraft:golden_leggings":1,"minecraft:potion":7,"minecraft:furnace":1},"minecraft:killed_by":{"antlers:wendigo":10},"minecraft:killed":{"graveyard:revenant":1,"notdeer:strange_deer":1,"demogorgon:demogorgon":1,"minecraft:zombie":1,"minecraft:drowned":1,"antlers:wendigo":1,"notdeer:deer":2},"minecraft:mined":{"minecraft:red_bed":5,"antlers:bloody_fox":1,"minecraft:torch":1,"minecraft:grass_block":1,"minecraft:spruce_leaves":1,"tacz:gun_smith_table":1,"minecraft:amethyst_block":1,"minecraft:deepslate_brick_slab":1,"minecraft:gold_block":2,"minecraft:grass":1,"minecraft:oak_log":9,"minecraft:sand":9,"minecraft:dirt":3,"minecraft:stripped_oak_log":3,"creepingwoods:creeping_birch_log":1,"minecraft:stone":16,"minecraft:oak_leaves":1},"minecraft:dropped":{"minecraft:polished_diorite":2,"minecraft:spruce_sign":3,"minecraft:iron_sword":1,"minecraft:moss_block":4,"minecraft:oak_log":3,"minecraft:deepslate_brick_wall":12,"minecraft:feather":1,"minecraft:deepslate_brick_slab":9,"minecraft:book":18,"minecraft:amethyst_block":1,"minecraft:oak_sign":3,"minecraft:dirt":2,"minecraft:deepslate_brick_stairs":4,"minecraft:shield":1,"minecraft:dark_oak_fence":9,"minecraft:torch":1,"minecraft:iron_chestplate":1,"minecraft:wooden_axe":2,"minecraft:azalea":2,"minecraft:ladder":6,"minecraft:potion":7,"minecraft:oak_stairs":1,"minecraft:writable_book":1,"minecraft:wither_rose":2,"minecraft:spruce_log":6,"minecraft:polished_basalt":18,"minecraft:smooth_stone":3,"minecraft:calcite":7,"minecraft:polished_deepslate":22,"creepingwoods:flashlight":1},"minecraft:custom":{"minecraft:interact_with_furnace":6,"minecraft:mob_kills":13,"minecraft:interact_with_crafting_table":7,"minecraft:open_barrel":15,"minecraft:interact_with_campfire":41,"minecraft:leave_game":3,"minecraft:time_since_death":4659,"minecraft:sleep_in_bed":11,"minecraft:climb_one_cm":2337,"minecraft:time_since_rest":2138,"minecraft:sprint_one_cm":176871,"minecraft:damage_taken":7099,"minecraft:walk_one_cm":218892,"minecraft:damage_blocked_by_shield":1500,"minecraft:trigger_trapped_chest":2,"minecraft:drop":38,"minecraft:damage_dealt":5567,"minecraft:swim_one_cm":11716,"minecraft:fly_one_cm":120052,"minecraft:open_chest":20,"minecraft:crouch_one_cm":7116,"minecraft:play_time":70917,"minecraft:deaths":10,"minecraft:sneak_time":2280,"minecraft:walk_under_water_one_cm":1477,"minecraft:interact_with_lectern":2,"minecraft:jump":835,"minecraft:walk_on_water_one_cm":6021,"minecraft:total_world_time":70917,"minecraft:interact_with_smoker":1,"minecraft:fall_one_cm":15196},"minecraft:picked_up":{"minecraft:wooden_axe":1,"minecraft:stripped_oak_log":3,"minecraft:charcoal":8,"betteranimalsplus:calamari_raw":2,"minecraft:feather":1,"minecraft:ladder":6,"minecraft:oak_stairs":1,"minecraft:wither_rose":2,"minecraft:gold_block":1,"minecraft:potion":40,"minecraft:oak_log":8,"minecraft:amethyst_block":1,"minecraft:polished_deepslate":44,"minecraft:dirt":5,"minecraft:red_bed":4,"antlers:tomahawkitem":1,"minecraft:iron_axe":1,"minecraft:oak_sign":3,"minecraft:apple":1,"graveyard:corruption":1,"minecraft:deepslate_brick_slab":20,"minecraft:smooth_stone":3,"minecraft:iron_ingot":15,"minecraft:calcite":7,"minecraft:azalea":2,"minecraft:glass_bottle":7,"notdeer:venison_raw":11,"minecraft:moss_block":4,"minecraft:iron_sword":1,"minecraft:book":27,"minecraft:stick":4,"minecraft:deepslate_brick_wall":15,"minecraft:torch":2,"betteranimalsplus:pheasantraw":3,"minecraft:porkchop":6,"minecraft:sand":9,"creepingwoods:flashlight":1,"minecraft:stripped_spruce_log":1,"minecraft:pointed_dripstone":1,"minecraft:spruce_log":16,"minecraft:polished_diorite":2,"minecraft:writable_book":1,"minecraft:polished_basalt":30,"minecraft:spruce_sign":3,"minecraft:deepslate_brick_stairs":4,"minecraft:dark_oak_fence":9,"minecraft:cobblestone":16},"minecraft:crafted":{"minecraft:glass_bottle":5,"minecraft:oak_planks":2,"minecraft:iron_nugget":9,"minecraft:crafting_table":3,"minecraft:spruce_planks":1,"minecraft:furnace":2,"tacz:gun_smith_table":1,"minecraft:air":60,"minecraft:jungle_planks":2,"antlers:tomahawkitem":8,"minecraft:glass":16,"minecraft:shield":2,"minecraft:iron_block":1,"minecraft:gold_ingot":1,"minecraft:acacia_planks":2,"minecraft:torch":1}},"DataVersion":3120}