{"stats":{"minecraft:mined":{"minecraft:powder_snow":6,"minecraft:ladder":2,"minecraft:grass_block":3,"minecraft:copper_ore":10,"minecraft:cobblestone":4,"minecraft:spruce_leaves":7,"minecraft:large_fern":1,"minecraft:ice":1,"minecraft:blue_ice":4,"minecraft:iron_ore":1,"minecraft:sweet_berry_bush":2,"minecraft:white_carpet":1,"minecraft:spruce_log":18,"minecraft:brown_bed":2,"minecraft:grass":4,"minecraft:deepslate_iron_ore":2,"minecraft:stone":47},"minecraft:killed":{"minecraft:pig":2,"cobblemon:pokemon":5,"minecraft:zombie":1,"minecraft:cow":4},"minecraft:used":{"minecraft:stone_pickaxe":69,"minecraft:ladder":2,"minecraft:dirt":1,"minecraft:white_carpet":2,"minecraft:crafting_table":3,"minecraft:snowball":1,"minecraft:string":1,"minecraft:stone_axe":48,"minecraft:cobblestone":32,"minecraft:sweet_berries":2,"minecraft:porkchop":6,"minecraft:cooked_porkchop":10,"minecraft:brown_bed":7},"minecraft:dropped":{"minecraft:wheat_seeds":3,"minecraft:cooked_beef":9,"minecraft:cooked_porkchop":2,"minecraft:chicken":1,"cobblemon:nest_ball":5,"minecraft:copper_ingot":1,"minecraft:dirt":2,"cobblemon:white_apricorn":1,"minecraft:spider_eye":1,"cobblemon:red_apricorn":2},"minecraft:picked_up":{"minecraft:chicken":1,"minecraft:ladder":2,"cobblemon:yellow_apricorn":8,"minecraft:brown_wool":20,"minecraft:leather":4,"cobblemon:red_apricorn":10,"minecraft:brown_bed":2,"cobblemon:slate_ball":1,"cobblemon:bluk_berry":16,"minecraft:dirt":3,"minecraft:string":1,"minecraft:raw_copper":39,"cobblemon:white_apricorn":3,"minecraft:white_carpet":2,"minecraft:wheat_seeds":3,"cobblemon:black_apricorn":8,"cobblemon:green_apricorn":5,"minecraft:beef":9,"cobblemon:oran_berry":40,"cobblemon:nest_ball":1,"cobblemon:green_apricorn_seed":1,"minecraft:raw_iron":3,"minecraft:sweet_berries":2,"cobblemon:black_apricorn_seed":3,"cobblemon:blue_apricorn_seed":1,"minecraft:porkchop":25,"cobblemon:yellow_apricorn_seed":1,"cobblemon:persim_berry":5,"minecraft:spruce_sapling":2,"cobblemon:pink_apricorn":4,"minecraft:spruce_log":18,"cobblemon:aspear_berry":2,"minecraft:spider_eye":1,"cobblemon:never_melt_ice":2,"cobblemon:ice_stone":1,"cobblemon:blue_apricorn":4,"minecraft:snowball":1,"minecraft:cobblestone":53},"minecraft:crafted":{"minecraft:cooked_beef":9,"minecraft:cooked_porkchop":15,"minecraft:crafting_table":3,"minecraft:spruce_planks":72,"cobblemon:slate_ball":4,"minecraft:brown_bed":5,"minecraft:copper_ingot":8,"cobblemon:roseate_ball":4,"minecraft:stone_axe":1,"minecraft:air":0,"minecraft:shield":1,"minecraft:stick":4,"minecraft:iron_ingot":3,"minecraft:stone_pickaxe":1,"cobblemon:nest_ball":4},"minecraft:custom":{"minecraft:interact_with_furnace":20,"minecraft:mob_kills":12,"minecraft:interact_with_crafting_table":15,"minecraft:time_since_death":75546,"minecraft:sleep_in_bed":5,"minecraft:climb_one_cm":2432,"minecraft:time_since_rest":14269,"minecraft:sprint_one_cm":341846,"minecraft:damage_taken":230,"minecraft:walk_one_cm":203633,"minecraft:drop":20,"minecraft:damage_dealt":1597,"minecraft:swim_one_cm":19358,"minecraft:fly_one_cm":499966,"minecraft:crouch_one_cm":4734,"minecraft:play_time":75546,"minecraft:sneak_time":1636,"minecraft:walk_under_water_one_cm":7868,"minecraft:jump":1871,"minecraft:walk_on_water_one_cm":11982,"minecraft:total_world_time":75546,"minecraft:fall_one_cm":25021}},"DataVersion":3465}