{"stats":{"minecraft:dropped":{"minecraft:lapis_lazuli":13,"minecraft:cooked_beef":9,"minecraft:oak_log":1,"cobblemon:berry_juice":16,"minecraft:diamond":1,"minecraft:cooked_porkchop":2,"minecraft:crossbow":1,"minecraft:glow_berries":10,"minecraft:warped_roots":5,"cobblemon:persim_berry":5,"minecraft:leather":11,"cobblemon:moon_stone":1,"minecraft:rail":2,"cobblemon:exp_share":1,"cobblemon:silver_powder":1,"minecraft:flint":3,"minecraft:cobblestone_stairs":1,"minecraft:dirt":3,"cobblemon:slate_ball":4,"cobblemon:white_apricorn":1,"minecraft:mutton":1,"cobblemon:pep_up_flower":1,"minecraft:amethyst_shard":2,"minecraft:iron_pickaxe":2,"minecraft:white_wool":7,"cobblemon:red_apricorn":2,"minecraft:bone":1,"minecraft:gravel":9,"minecraft:blackstone":188,"minecraft:cobbled_deepslate":154,"cobblemon:friend_ball":4,"minecraft:pointed_dripstone":2,"minecraft:rotten_flesh":58,"cobblemon:nest_ball":5,"cobblemon:never_melt_ice":2,"cobblemon:bluk_berry":16,"minecraft:poppy":1,"cobblemon:aspear_berry":4,"cobblemon:heal_ball":7,"minecraft:acacia_sapling":2,"minecraft:arrow":8,"minecraft:netherrack":11,"minecraft:wheat_seeds":39,"minecraft:feather":10,"minecraft:cobblestone":61,"minecraft:amethyst_block":1,"minecraft:apple":1,"minecraft:copper_ingot":1,"minecraft:acacia_log":3,"minecraft:coal":7,"minecraft:stick":5,"minecraft:torch":4,"minecraft:light_blue_wool":1,"minecraft:brown_wool":4,"megamons:cut_gyaradosite":1,"cobblemon:leaf_stone":2,"minecraft:string":4,"minecraft:spruce_sapling":2,"minecraft:redstone":2,"cobblemon:rindo_berry":1,"minecraft:furnace":3,"minecraft:moss_carpet":1,"cobblemon:wepear_berry":1,"minecraft:tuff":53,"minecraft:raw_iron":52,"minecraft:chicken":5,"cobblemon:premier_ball":12,"megamons:anistarite_geode_block":84,"minecraft:big_dripleaf":3,"megamons:anistarite_rough_geode_block":3,"minecraft:spruce_planks":14,"minecraft:blue_ice":3,"minecraft:oak_sapling":2,"minecraft:spider_eye":1,"cobblemon:poison_barb":1,"minecraft:stone_pickaxe":1,"minecraft:calcite":2},"minecraft:mined":{"minecraft:large_amethyst_bud":1,"minecraft:cobblestone_stairs":2,"megamons:crystal_shiny_stone_ore":1,"minecraft:budding_amethyst":1,"minecraft:acacia_log":2,"minecraft:grass_block":4,"minecraft:jungle_log":7,"megamons:crystal_fire_stone_ore":2,"megamons:crystal_dusk_stone_ore":2,"minecraft:raw_iron_block":1,"minecraft:glowstone":14,"minecraft:cobbled_deepslate":7,"minecraft:iron_ore":1,"minecraft:sticky_piston":1,"minecraft:fire":11,"minecraft:deepslate_lapis_ore":5,"minecraft:brown_bed":5,"cobblemon:medicinal_leek":6,"minecraft:pointed_dripstone":4,"minecraft:cave_vines":2,"megamons:crystal_ice_stone_ore":4,"cobblemon:deepslate_fire_stone_ore":1,"minecraft:piston_head":2,"megamons:anistarite_geode_block":138,"minecraft:blackstone":93,"cobblemon:revival_herb":12,"minecraft:amethyst_cluster":16,"minecraft:powder_snow":6,"minecraft:torch":3,"cobblemon:apricorn_leaves":3,"minecraft:calcite":4,"minecraft:poppy":1,"minecraft:cobblestone":9,"megamons:crystal_moon_stone_ore":1,"minecraft:oak_planks":2,"minecraft:wall_torch":7,"minecraft:amethyst_block":6,"minecraft:deepslate_copper_ore":13,"cobblemon:deepslate_leaf_stone_ore":2,"minecraft:blue_ice":4,"minecraft:grass":12,"minecraft:oak_log":1,"minecraft:smooth_basalt":2,"minecraft:stonecutter":3,"minecraft:netherrack":11,"minecraft:oak_leaves":36,"minecraft:deepslate":43,"minecraft:nether_gold_ore":9,"minecraft:tuff":11,"minecraft:mossy_cobblestone":2,"minecraft:deepslate_diamond_ore":22,"minecraft:oak_door":1,"minecraft:ladder":3,"megamons:crystal_water_stone_ore":1,"minecraft:redstone_wire":1,"minecraft:spruce_leaves":7,"minecraft:moss_block":1,"minecraft:large_fern":1,"minecraft:hay_block":12,"minecraft:furnace":1,"minecraft:deepslate_iron_ore":65,"minecraft:vine":3,"minecraft:rail":1,"minecraft:stone":52,"megamons:crystal_thunder_stone_ore":1,"megamons:crystal_leaf_stone_ore":1,"megamons:anistarite_rough_geode_block":2,"minecraft:acacia_leaves":16,"minecraft:oak_wood":7,"minecraft:copper_ore":12,"minecraft:tall_grass":5,"minecraft:deepslate_gold_ore":10,"minecraft:sweet_berry_bush":2,"minecraft:ice":1,"minecraft:white_carpet":1,"minecraft:spruce_log":18,"megamons:crystal_dawn_stone_ore":5,"megamons:crystal_sun_stone_ore":4,"minecraft:dripstone_block":14},"minecraft:picked_up":{"cobblemon:leaf_stone":9,"cobblemon:red_apricorn":50,"cobblemon:charti_berry":4,"minecraft:brown_bed":5,"cobblemon:sharp_beak":1,"minecraft:amethyst_block":1,"cobblemon:wepear_berry":2,"minecraft:string":5,"minecraft:raw_copper":112,"minecraft:sticky_piston":3,"minecraft:gold_nugget":42,"minecraft:cobbled_deepslate":191,"cobblemon:white_apricorn_seed":2,"cobblemon:oran_berry":225,"minecraft:calcite":2,"minecraft:furnace":3,"cobblemon:light_ball":1,"minecraft:stick":11,"minecraft:big_dripleaf":3,"minecraft:acacia_log":7,"minecraft:torch":29,"minecraft:porkchop":34,"minecraft:pointed_dripstone":6,"cobblemon:never_melt_ice":2,"minecraft:honey_bottle":1,"minecraft:rotten_flesh":38,"minecraft:light_blue_wool":1,"cobblemon:heavy_ball":1,"cobblemon:verdant_ball":4,"minecraft:snowball":1,"minecraft:cobblestone":137,"minecraft:feather":10,"minecraft:cooked_beef":5,"minecraft:jungle_log":7,"minecraft:brown_wool":28,"cobblemon:pinap_berry":16,"cobblemon:roseate_ball":4,"minecraft:flint":3,"minecraft:tuff":70,"cobblemon:bluk_berry":16,"megamons:anistarite_geode_block":213,"minecraft:lapis_lazuli":68,"minecraft:dirt":7,"minecraft:bone":9,"minecraft:stonecutter":3,"cobblemon:black_apricorn":87,"minecraft:wheat_seeds":40,"cobblemon:thunder_stone":4,"minecraft:glowstone_dust":44,"cobblemon:moon_stone":4,"minecraft:oak_planks":2,"cobblemon:poison_barb":1,"cobblemon:sun_stone":12,"cobblemon:kasib_berry":1,"minecraft:cooked_porkchop":2,"cobblemon:shiny_stone":2,"cobblemon:fire_stone":5,"cobblemon:persim_berry":5,"cobblemon:aspear_berry":137,"minecraft:mossy_cobblestone":2,"megamons:anistarite_rough_geode_block":3,"minecraft:diamond":17,"cobblemon:poke_ball":7,"minecraft:crossbow":1,"minecraft:blue_ice":3,"cobblemon:rindo_berry":20,"cobblemon:ice_stone":7,"minecraft:bread":1,"minecraft:oak_sapling":2,"cobblemon:medicinal_leek":12,"cobblemon:chesto_berry":6,"minecraft:netherrack":11,"minecraft:chicken":5,"minecraft:ladder":2,"cobblemon:yellow_apricorn":40,"cobblemon:revival_herb":40,"minecraft:moss_carpet":4,"cobblemon:lum_berry":1,"minecraft:white_carpet":2,"cobblemon:white_apricorn":46,"minecraft:blackstone":194,"cobblemon:green_apricorn":43,"minecraft:beef":28,"minecraft:poppy":1,"cobblemon:dusk_stone":5,"cobblemon:pep_up_flower":15,"cobblemon:green_apricorn_seed":2,"minecraft:raw_iron":89,"cobblemon:silver_powder":1,"minecraft:oak_door":1,"minecraft:redstone":2,"cobblemon:dawn_stone":10,"minecraft:arrow":18,"cobblemon:everstone":1,"minecraft:hay_block":12,"minecraft:rail":2,"minecraft:mutton":11,"minecraft:glow_berries":40,"minecraft:white_wool":10,"cobblemon:blue_apricorn":39,"minecraft:leather":12,"cobblemon:slate_ball":3,"minecraft:oak_log":1,"minecraft:gunpowder":3,"minecraft:cobblestone_stairs":2,"minecraft:wooden_hoe":1,"cobblemon:pink_apricorn_seed":9,"cobblemon:heal_ball":1,"minecraft:apple":1,"minecraft:stone_pickaxe":1,"cobblemon:nest_ball":1,"minecraft:acacia_sapling":2,"cobblemon:chilan_berry":20,"cobblemon:red_apricorn_seed":2,"minecraft:sweet_berries":2,"cobblemon:safari_ball":1,"cobblemon:black_apricorn_seed":6,"minecraft:raw_iron_block":2,"cobblemon:blue_apricorn_seed":3,"minecraft:dripstone_block":14,"minecraft:gravel":9,"cobblemon:yellow_apricorn_seed":1,"cobblemon:cheri_berry":1,"cobblemon:premier_ball":12,"minecraft:amethyst_shard":66,"minecraft:spruce_sapling":2,"cobblemon:pink_apricorn":87,"minecraft:spruce_log":18,"minecraft:spider_eye":1,"megamons:raw_gyaradosite":1,"minecraft:oak_wood":7,"minecraft:warped_roots":3,"cobblemon:water_stone":5,"minecraft:coal":59,"minecraft:ender_pearl":1},"minecraft:killed":{"minecraft:spider":1,"minecraft:skeleton":12,"minecraft:pig":5,"minecraft:creeper":4,"minecraft:zombie":12,"minecraft:cow":8,"cobblemon:pokemon":5,"minecraft:player":1},"minecraft:broken":{"minecraft:stone_pickaxe":1,"minecraft:stone_axe":1,"minecraft:iron_pickaxe":1},"minecraft:custom":{"minecraft:interact_with_crafting_table":69,"minecraft:open_barrel":2,"minecraft:leave_game":1,"minecraft:time_since_death":484143,"minecraft:sprint_one_cm":1690610,"minecraft:damage_blocked_by_shield":1770,"minecraft:drop":174,"minecraft:talked_to_villager":2,"minecraft:play_time":484143,"minecraft:jump":8188,"minecraft:walk_on_water_one_cm":35153,"minecraft:interact_with_furnace":117,"minecraft:sleep_in_bed":30,"minecraft:damage_dealt":6504,"minecraft:player_kills":1,"minecraft:crouch_one_cm":54735,"minecraft:inspect_dispenser":1,"minecraft:mob_kills":48,"minecraft:climb_one_cm":17036,"minecraft:walk_one_cm":1337824,"minecraft:sneak_time":14914,"minecraft:walk_under_water_one_cm":13417,"minecraft:interact_with_blast_furnace":3,"minecraft:total_world_time":484143,"minecraft:interact_with_stonecutter":3,"minecraft:time_since_rest":101013,"minecraft:damage_taken":2640,"minecraft:swim_one_cm":51306,"minecraft:fly_one_cm":1395571,"minecraft:open_chest":134,"minecraft:fall_one_cm":174808},"minecraft:crafted":{"minecraft:oak_planks":28,"cobblemon:slate_ball":12,"minecraft:stone":6,"minecraft:glass":2,"minecraft:golden_boots":1,"minecraft:cooked_porkchop":18,"minecraft:crafting_table":19,"minecraft:spruce_planks":72,"minecraft:iron_helmet":3,"minecraft:brown_bed":6,"minecraft:copper_ingot":56,"megamons:cut_gyaradosite":1,"cobblemon:poke_ball":4,"cobblemon:quick_ball":8,"minecraft:diamond_pickaxe":1,"minecraft:shield":1,"minecraft:stick":16,"minecraft:iron_ingot":9,"minecraft:iron_pickaxe":2,"cobblemon:berry_juice":16,"minecraft:gold_ingot":20,"cobblemon:exp_share":3,"minecraft:raw_iron":18,"minecraft:furnace":3,"minecraft:bone_meal":21,"cobblemon:premier_ball":4,"cobblemon:safari_ball":4,"minecraft:stone_pickaxe":1,"minecraft:wheat":108,"minecraft:cooked_beef":16,"minecraft:bowl":16,"cobblemon:roseate_ball":24,"minecraft:stone_axe":2,"minecraft:bread":36,"minecraft:air":0,"cobblemon:heal_ball":16,"cobblemon:heavy_ball":4,"cobblemon:friend_ball":4,"minecraft:stonecutter":2,"minecraft:acacia_planks":16,"minecraft:torch":16,"cobblemon:ultra_ball":4,"cobblemon:nest_ball":4},"minecraft:used":{"minecraft:moss_carpet":3,"cobblemon:charti_berry":1,"minecraft:ladder":2,"minecraft:shield":49,"minecraft:mutton":10,"minecraft:tuff":17,"minecraft:snowball":1,"minecraft:bow":25,"minecraft:sweet_berries":2,"minecraft:furnace":3,"minecraft:golden_boots":1,"minecraft:blackstone":8,"minecraft:stone_pickaxe":131,"minecraft:oak_planks":1,"minecraft:glow_berries":35,"megamons:anistarite_geode_block":13,"cobblemon:green_apricorn_seed":1,"minecraft:bread":42,"minecraft:string":1,"minecraft:bone_meal":21,"minecraft:oak_door":1,"minecraft:torch":40,"cobblemon:chesto_berry":1,"minecraft:dirt":4,"minecraft:white_carpet":2,"cobblemon:cheri_berry":1,"cobblemon:pink_apricorn_seed":2,"cobblemon:revival_herb":18,"minecraft:cooked_beef":13,"minecraft:cobbled_deepslate":18,"minecraft:brown_bed":11,"minecraft:cobblestone_stairs":1,"minecraft:stonecutter":4,"minecraft:mossy_cobblestone":2,"minecraft:crafting_table":19,"minecraft:wooden_hoe":19,"minecraft:diamond_pickaxe":193,"minecraft:iron_pickaxe":289,"cobblemon:lum_berry":1,"minecraft:stone_axe":135,"minecraft:cobblestone":46,"minecraft:porkchop":6,"minecraft:cooked_porkchop":19}},"DataVersion":3465}