{"stats":{"minecraft:mined":{"minecraft:tuff":2,"minecraft:powder_snow":6,"minecraft:ladder":2,"minecraft:calcite":2,"minecraft:grass_block":3,"minecraft:copper_ore":10,"minecraft:cobblestone":5,"minecraft:spruce_leaves":7,"minecraft:wall_torch":1,"minecraft:amethyst_block":4,"minecraft:deepslate_copper_ore":13,"minecraft:large_fern":1,"minecraft:ice":1,"minecraft:blue_ice":4,"minecraft:iron_ore":1,"minecraft:sweet_berry_bush":2,"minecraft:white_carpet":1,"minecraft:spruce_log":18,"minecraft:brown_bed":5,"minecraft:grass":4,"minecraft:deepslate_iron_ore":4,"minecraft:smooth_basalt":2,"minecraft:stone":47,"minecraft:deepslate":36},"minecraft:killed":{"minecraft:pig":2,"cobblemon:pokemon":5,"minecraft:skeleton":4,"minecraft:zombie":2,"minecraft:cow":4},"minecraft:used":{"minecraft:moss_carpet":1,"minecraft:stone_pickaxe":131,"minecraft:ladder":2,"minecraft:shield":5,"minecraft:torch":15,"minecraft:glow_berries":8,"minecraft:dirt":1,"minecraft:white_carpet":2,"minecraft:crafting_table":9,"minecraft:tuff":8,"minecraft:snowball":1,"minecraft:string":1,"minecraft:stone_axe":56,"minecraft:cobblestone":42,"minecraft:sweet_berries":2,"minecraft:furnace":2,"minecraft:porkchop":6,"minecraft:cooked_porkchop":16,"minecraft:bone_meal":9,"minecraft:cobbled_deepslate":2,"minecraft:brown_bed":11},"minecraft:broken":{"minecraft:stone_pickaxe":1},"minecraft:dropped":{"minecraft:wheat_seeds":10,"minecraft:cooked_beef":9,"minecraft:diamond":1,"minecraft:cooked_porkchop":2,"cobblemon:friend_ball":4,"minecraft:pointed_dripstone":2,"minecraft:raw_iron":1,"minecraft:chicken":2,"minecraft:cobblestone":1,"minecraft:rotten_flesh":2,"cobblemon:persim_berry":5,"minecraft:leather":4,"cobblemon:premier_ball":12,"cobblemon:nest_ball":5,"minecraft:copper_ingot":1,"cobblemon:silver_powder":1,"minecraft:flint":2,"cobblemon:bluk_berry":16,"minecraft:dirt":2,"megamons:anistarite_rough_geode_block":3,"cobblemon:aspear_berry":4,"minecraft:torch":2,"cobblemon:white_apricorn":1,"cobblemon:heal_ball":4,"minecraft:blue_ice":3,"minecraft:spider_eye":1,"minecraft:arrow":8,"minecraft:stone_pickaxe":1,"minecraft:string":4,"minecraft:white_wool":5,"minecraft:spruce_sapling":2,"cobblemon:red_apricorn":2},"minecraft:picked_up":{"minecraft:chicken":2,"minecraft:ladder":2,"cobblemon:yellow_apricorn":8,"minecraft:brown_wool":20,"minecraft:leather":4,"cobblemon:red_apricorn":14,"minecraft:brown_bed":5,"cobblemon:roseate_ball":3,"minecraft:flint":2,"minecraft:tuff":8,"cobblemon:slate_ball":1,"cobblemon:bluk_berry":16,"minecraft:lapis_lazuli":13,"megamons:anistarite_geode_block":17,"minecraft:dirt":3,"minecraft:string":5,"minecraft:moss_carpet":1,"minecraft:raw_copper":105,"cobblemon:white_apricorn":14,"minecraft:white_carpet":2,"minecraft:bone":3,"minecraft:wheat_seeds":10,"cobblemon:black_apricorn":9,"minecraft:cobbled_deepslate":30,"cobblemon:green_apricorn":13,"cobblemon:white_apricorn_seed":1,"minecraft:stone_pickaxe":1,"minecraft:beef":9,"cobblemon:oran_berry":40,"cobblemon:nest_ball":1,"cobblemon:green_apricorn_seed":1,"cobblemon:red_apricorn_seed":1,"minecraft:raw_iron":12,"cobblemon:silver_powder":1,"minecraft:sweet_berries":2,"cobblemon:fire_stone":1,"cobblemon:black_apricorn_seed":3,"minecraft:torch":1,"cobblemon:premier_ball":12,"cobblemon:blue_apricorn_seed":1,"minecraft:porkchop":25,"cobblemon:yellow_apricorn_seed":1,"cobblemon:persim_berry":5,"minecraft:spruce_sapling":2,"minecraft:pointed_dripstone":2,"cobblemon:pink_apricorn":11,"minecraft:spruce_log":18,"cobblemon:aspear_berry":4,"minecraft:spider_eye":1,"cobblemon:never_melt_ice":2,"megamons:anistarite_rough_geode_block":3,"minecraft:arrow":8,"minecraft:rotten_flesh":2,"minecraft:diamond":1,"minecraft:blue_ice":3,"cobblemon:ice_stone":2,"minecraft:glow_berries":8,"minecraft:coal":52,"minecraft:white_wool":5,"cobblemon:blue_apricorn":8,"minecraft:snowball":1,"minecraft:cobblestone":54},"minecraft:crafted":{"minecraft:cooked_beef":9,"minecraft:cooked_porkchop":18,"minecraft:crafting_table":9,"minecraft:spruce_planks":72,"cobblemon:slate_ball":4,"minecraft:furnace":2,"minecraft:brown_bed":6,"minecraft:copper_ingot":17,"minecraft:bone_meal":9,"cobblemon:roseate_ball":4,"cobblemon:premier_ball":4,"minecraft:stone_axe":1,"minecraft:air":0,"cobblemon:heal_ball":8,"minecraft:shield":1,"minecraft:stick":8,"minecraft:iron_ingot":3,"minecraft:stone_pickaxe":1,"cobblemon:friend_ball":4,"minecraft:torch":16,"cobblemon:nest_ball":4},"minecraft:custom":{"minecraft:interact_with_furnace":32,"minecraft:mob_kills":17,"minecraft:interact_with_crafting_table":25,"minecraft:time_since_death":123546,"minecraft:sleep_in_bed":9,"minecraft:climb_one_cm":3162,"minecraft:time_since_rest":19273,"minecraft:sprint_one_cm":529061,"minecraft:damage_taken":550,"minecraft:walk_one_cm":309959,"minecraft:damage_blocked_by_shield":270,"minecraft:drop":55,"minecraft:damage_dealt":2233,"minecraft:swim_one_cm":29467,"minecraft:fly_one_cm":657505,"minecraft:crouch_one_cm":19426,"minecraft:play_time":123546,"minecraft:sneak_time":5728,"minecraft:walk_under_water_one_cm":9847,"minecraft:jump":2751,"minecraft:walk_on_water_one_cm":18172,"minecraft:total_world_time":123546,"minecraft:fall_one_cm":50012}},"DataVersion":3465}