{"stats":{"minecraft:dropped":{"minecraft:wheat_seeds":33,"minecraft:cooked_beef":9,"minecraft:lapis_lazuli":13,"minecraft:oak_log":1,"minecraft:diamond":1,"minecraft:cooked_porkchop":2,"minecraft:feather":2,"minecraft:crossbow":1,"minecraft:cobblestone":61,"minecraft:warped_roots":4,"cobblemon:persim_berry":5,"minecraft:apple":1,"minecraft:leather":4,"minecraft:copper_ingot":1,"cobblemon:moon_stone":1,"minecraft:acacia_log":3,"cobblemon:silver_powder":1,"minecraft:stick":1,"minecraft:flint":2,"minecraft:dirt":3,"cobblemon:white_apricorn":1,"minecraft:torch":2,"minecraft:mutton":1,"minecraft:brown_wool":2,"minecraft:iron_pickaxe":2,"cobblemon:leaf_stone":2,"minecraft:string":4,"minecraft:white_wool":5,"minecraft:spruce_sapling":2,"cobblemon:red_apricorn":2,"minecraft:moss_carpet":1,"cobblemon:wepear_berry":1,"minecraft:cobbled_deepslate":54,"cobblemon:friend_ball":4,"minecraft:raw_iron":1,"minecraft:pointed_dripstone":2,"minecraft:chicken":3,"minecraft:rotten_flesh":2,"cobblemon:premier_ball":12,"cobblemon:nest_ball":5,"megamons:anistarite_geode_block":19,"cobblemon:never_melt_ice":2,"cobblemon:bluk_berry":16,"megamons:anistarite_rough_geode_block":3,"cobblemon:aspear_berry":4,"minecraft:spruce_planks":14,"cobblemon:heal_ball":6,"minecraft:blue_ice":3,"minecraft:oak_sapling":2,"minecraft:spider_eye":1,"minecraft:arrow":8,"minecraft:stone_pickaxe":1,"minecraft:netherrack":11},"minecraft:mined":{"minecraft:nether_gold_ore":9,"minecraft:tuff":2,"minecraft:deepslate_diamond_ore":1,"minecraft:oak_door":1,"minecraft:cobblestone_stairs":1,"minecraft:ladder":3,"minecraft:acacia_log":1,"minecraft:grass_block":3,"megamons:crystal_fire_stone_ore":1,"minecraft:spruce_leaves":7,"minecraft:large_fern":1,"minecraft:hay_block":12,"minecraft:glowstone":14,"minecraft:fire":2,"minecraft:iron_ore":1,"minecraft:cobbled_deepslate":1,"minecraft:brown_bed":5,"minecraft:cave_vines":2,"minecraft:deepslate_iron_ore":13,"minecraft:rail":1,"minecraft:stone":47,"megamons:anistarite_rough_geode_block":1,"minecraft:acacia_leaves":6,"megamons:anistarite_geode_block":7,"cobblemon:revival_herb":2,"minecraft:powder_snow":6,"minecraft:calcite":2,"minecraft:cobblestone":6,"minecraft:tall_grass":2,"minecraft:copper_ore":10,"megamons:crystal_moon_stone_ore":1,"minecraft:deepslate_gold_ore":10,"minecraft:oak_planks":1,"minecraft:wall_torch":1,"minecraft:amethyst_block":4,"minecraft:deepslate_copper_ore":13,"cobblemon:deepslate_leaf_stone_ore":2,"minecraft:blue_ice":4,"minecraft:sweet_berry_bush":2,"minecraft:ice":1,"minecraft:spruce_log":18,"minecraft:white_carpet":1,"minecraft:grass":6,"minecraft:oak_log":1,"megamons:crystal_sun_stone_ore":1,"minecraft:smooth_basalt":2,"minecraft:netherrack":11,"minecraft:oak_leaves":26,"minecraft:deepslate":36},"minecraft:picked_up":{"cobblemon:leaf_stone":4,"minecraft:chicken":3,"minecraft:ladder":2,"cobblemon:yellow_apricorn":11,"cobblemon:red_apricorn":15,"minecraft:brown_bed":5,"cobblemon:charti_berry":1,"cobblemon:sharp_beak":1,"cobblemon:wepear_berry":1,"minecraft:string":5,"minecraft:moss_carpet":2,"minecraft:raw_copper":105,"cobblemon:revival_herb":7,"cobblemon:white_apricorn":16,"minecraft:white_carpet":2,"minecraft:gold_nugget":42,"minecraft:cobbled_deepslate":83,"cobblemon:green_apricorn":14,"cobblemon:white_apricorn_seed":1,"minecraft:beef":9,"cobblemon:oran_berry":50,"cobblemon:green_apricorn_seed":2,"cobblemon:light_ball":1,"minecraft:stick":7,"minecraft:raw_iron":29,"cobblemon:silver_powder":1,"minecraft:oak_door":1,"minecraft:torch":19,"minecraft:acacia_log":4,"minecraft:porkchop":25,"minecraft:pointed_dripstone":2,"cobblemon:never_melt_ice":2,"cobblemon:dawn_stone":2,"minecraft:arrow":8,"minecraft:honey_bottle":1,"minecraft:rotten_flesh":2,"minecraft:hay_block":12,"minecraft:glow_berries":35,"minecraft:mutton":1,"cobblemon:verdant_ball":4,"cobblemon:blue_apricorn":11,"minecraft:snowball":1,"minecraft:white_wool":5,"minecraft:cobblestone":118,"minecraft:feather":2,"minecraft:brown_wool":20,"minecraft:leather":4,"cobblemon:pinap_berry":16,"cobblemon:roseate_ball":3,"minecraft:oak_log":1,"minecraft:flint":2,"minecraft:tuff":8,"cobblemon:slate_ball":3,"cobblemon:bluk_berry":16,"minecraft:cobblestone_stairs":1,"minecraft:lapis_lazuli":13,"megamons:anistarite_geode_block":65,"minecraft:dirt":6,"cobblemon:pink_apricorn_seed":2,"minecraft:bone":3,"minecraft:apple":1,"minecraft:wheat_seeds":33,"cobblemon:black_apricorn":16,"minecraft:stone_pickaxe":1,"cobblemon:thunder_stone":1,"minecraft:glowstone_dust":44,"cobblemon:moon_stone":2,"cobblemon:nest_ball":1,"minecraft:oak_planks":1,"cobblemon:sun_stone":1,"cobblemon:red_apricorn_seed":1,"cobblemon:kasib_berry":1,"minecraft:sweet_berries":2,"cobblemon:black_apricorn_seed":3,"cobblemon:fire_stone":2,"cobblemon:blue_apricorn_seed":1,"cobblemon:shiny_stone":1,"cobblemon:premier_ball":12,"cobblemon:yellow_apricorn_seed":1,"cobblemon:persim_berry":5,"minecraft:spruce_sapling":2,"cobblemon:pink_apricorn":17,"minecraft:spruce_log":18,"cobblemon:aspear_berry":4,"minecraft:spider_eye":1,"megamons:anistarite_rough_geode_block":3,"minecraft:diamond":1,"cobblemon:poke_ball":7,"minecraft:blue_ice":3,"minecraft:crossbow":1,"cobblemon:ice_stone":3,"minecraft:warped_roots":2,"minecraft:bread":1,"cobblemon:water_stone":1,"minecraft:oak_sapling":2,"minecraft:netherrack":11,"minecraft:coal":52},"minecraft:killed":{"minecraft:skeleton":4,"minecraft:pig":2,"cobblemon:pokemon":5,"minecraft:zombie":6,"minecraft:player":1,"minecraft:cow":4},"minecraft:broken":{"minecraft:stone_pickaxe":1},"minecraft:custom":{"minecraft:mob_kills":21,"minecraft:interact_with_crafting_table":36,"minecraft:open_barrel":2,"minecraft:leave_game":1,"minecraft:time_since_death":262143,"minecraft:climb_one_cm":7353,"minecraft:sprint_one_cm":911297,"minecraft:walk_one_cm":715760,"minecraft:damage_blocked_by_shield":640,"minecraft:drop":96,"minecraft:talked_to_villager":1,"minecraft:play_time":262143,"minecraft:sneak_time":7764,"minecraft:walk_under_water_one_cm":12219,"minecraft:jump":4708,"minecraft:walk_on_water_one_cm":27030,"minecraft:total_world_time":262143,"minecraft:interact_with_furnace":61,"minecraft:sleep_in_bed":19,"minecraft:time_since_rest":10623,"minecraft:damage_taken":1170,"minecraft:damage_dealt":3456,"minecraft:swim_one_cm":45966,"minecraft:fly_one_cm":902925,"minecraft:player_kills":1,"minecraft:open_chest":46,"minecraft:crouch_one_cm":25206,"minecraft:fall_one_cm":89103},"minecraft:crafted":{"cobblemon:slate_ball":8,"minecraft:furnace":2,"minecraft:bone_meal":9,"cobblemon:premier_ball":4,"minecraft:glass":2,"minecraft:stone_pickaxe":1,"minecraft:wheat":108,"minecraft:golden_boots":1,"minecraft:cooked_beef":9,"minecraft:cooked_porkchop":18,"minecraft:crafting_table":11,"minecraft:spruce_planks":72,"minecraft:brown_bed":6,"minecraft:copper_ingot":37,"cobblemon:roseate_ball":4,"minecraft:stone_axe":1,"minecraft:bread":36,"minecraft:air":0,"cobblemon:heal_ball":12,"minecraft:shield":1,"minecraft:stick":12,"minecraft:iron_pickaxe":2,"minecraft:iron_ingot":9,"minecraft:gold_ingot":4,"cobblemon:friend_ball":4,"minecraft:acacia_planks":4,"minecraft:torch":16,"cobblemon:nest_ball":4},"minecraft:used":{"minecraft:moss_carpet":1,"minecraft:ladder":2,"minecraft:shield":14,"minecraft:oak_door":1,"minecraft:torch":33,"minecraft:dirt":3,"minecraft:white_carpet":2,"minecraft:tuff":8,"minecraft:snowball":1,"minecraft:sweet_berries":2,"minecraft:furnace":2,"minecraft:cobbled_deepslate":18,"minecraft:brown_bed":11,"minecraft:golden_boots":1,"minecraft:cobblestone_stairs":1,"minecraft:stone_pickaxe":131,"minecraft:oak_planks":1,"minecraft:glow_berries":31,"minecraft:crafting_table":11,"cobblemon:green_apricorn_seed":1,"minecraft:bread":19,"minecraft:string":1,"minecraft:iron_pickaxe":71,"minecraft:stone_axe":77,"minecraft:cobblestone":46,"minecraft:cooked_porkchop":17,"minecraft:porkchop":6,"minecraft:bone_meal":9}},"DataVersion":3465}