{"stats":{"minecraft:killed":{"minecraft:spider":2,"minecraft:skeleton":7,"minecraft:pig":1,"cobblemon:pokemon":6,"minecraft:creeper":5,"minecraft:zombie":9,"minecraft:cow":6},"minecraft:killed_by":{"minecraft:creeper":1},"minecraft:picked_up":{"minecraft:coarse_dirt":1,"minecraft:crafting_table":1,"minecraft:chicken":4,"minecraft:ladder":4,"cobblemon:blue_mint_leaf":2,"cobblemon:yellow_apricorn":5,"cobblemon:red_apricorn":101,"cobblemon:charti_berry":2,"minecraft:potion":2,"cobblemon:sharp_beak":1,"minecraft:amethyst_block":5,"minecraft:red_bed":1,"minecraft:raw_copper":99,"minecraft:iron_leggings":1,"minecraft:cobbled_deepslate":2,"minecraft:smooth_stone":6,"cobblemon:green_apricorn":123,"minecraft:spruce_planks":4,"minecraft:beef":23,"cobblemon:oran_berry":222,"minecraft:calcite":9,"minecraft:iron_nugget":2,"minecraft:poppy":1,"cobblemon:dusk_stone":2,"cobblemon:big_root":3,"cobblemon:green_apricorn_seed":8,"minecraft:mangrove_log":5,"minecraft:furnace":8,"minecraft:blue_wool":1,"minecraft:raw_iron":28,"cobblemon:spell_tag":2,"minecraft:torch":2,"minecraft:porkchop":11,"minecraft:lightning_rod":1,"minecraft:carrot":2,"cobblemon:dawn_stone":1,"cobblemon:blue_mint_seeds":1,"minecraft:honey_bottle":2,"minecraft:arrow":5,"minecraft:rotten_flesh":12,"minecraft:hay_block":12,"cobblemon:absorb_bulb":1,"cobblemon:air_balloon":1,"minecraft:mutton":2,"cobblemon:verdant_ball":15,"cobblemon:blue_apricorn":18,"minecraft:white_wool":6,"minecraft:cobblestone":48,"minecraft:birch_log":3,"minecraft:cooked_beef":4,"minecraft:feather":12,"cobblemon:great_ball":3,"minecraft:leather":5,"minecraft:brown_wool":5,"cobblemon:kebia_berry":2,"cobblemon:focus_sash":2,"minecraft:potato":7,"cobblemon:razz_berry":11,"cobblemon:slate_ball":15,"minecraft:oak_log":29,"minecraft:gunpowder":4,"minecraft:yellow_bed":5,"minecraft:stripped_birch_log":3,"minecraft:dirt":12,"minecraft:leather_boots":1,"minecraft:glass":10,"minecraft:bone":10,"minecraft:apple":10,"cobblemon:black_apricorn":135,"minecraft:wheat_seeds":31,"minecraft:birch_wood":2,"minecraft:rabbit_hide":3,"minecraft:stone_pickaxe":2,"minecraft:stripped_oak_wood":1,"minecraft:rabbit":1,"minecraft:honeycomb":3,"minecraft:iron_sword":3,"minecraft:oak_planks":89,"cobblemon:poison_barb":1,"cobblemon:chilan_berry":1,"minecraft:scaffolding":8,"cobblemon:red_apricorn_seed":8,"minecraft:smooth_basalt":3,"cobblemon:black_apricorn_seed":7,"minecraft:dandelion":2,"minecraft:gravel":1,"cobblemon:cheri_berry":72,"minecraft:sand":17,"minecraft:amethyst_shard":36,"cobblemon:persim_berry":5,"cobblemon:pink_apricorn":3,"minecraft:white_bed":2,"minecraft:stone_axe":1,"minecraft:bone_meal":1,"minecraft:bread":1,"cobblemon:water_stone":4,"cobblemon:chesto_berry":38,"minecraft:coal":48,"minecraft:pink_dye":1,"minecraft:sunflower":6},"minecraft:broken":{"minecraft:stone_pickaxe":1},"minecraft:mined":{"minecraft:spruce_planks":4,"minecraft:white_bed":2,"minecraft:stripped_birch_log":3,"cobblemon:big_root":3,"minecraft:ladder":4,"minecraft:grass_block":11,"minecraft:spruce_leaves":8,"minecraft:hay_block":12,"minecraft:furnace":6,"minecraft:carrots":4,"minecraft:iron_ore":13,"cobblemon:black_apricorn":1,"minecraft:deepslate_iron_ore":15,"minecraft:potatoes":8,"minecraft:stone":52,"cobblemon:water_stone_ore":2,"minecraft:red_bed":1,"minecraft:amethyst_cluster":9,"minecraft:dandelion":2,"cobblemon:blue_mint":1,"minecraft:torch":1,"minecraft:crafting_table":1,"cobblemon:apricorn_leaves":2,"minecraft:calcite":4,"minecraft:cobblestone":3,"minecraft:copper_ore":34,"minecraft:tall_grass":42,"minecraft:birch_wood":2,"minecraft:deepslate_coal_ore":1,"minecraft:oak_planks":1,"cobblemon:deepslate_dawn_stone_ore":1,"minecraft:wall_torch":1,"minecraft:amethyst_block":5,"minecraft:birch_log":3,"minecraft:wheat":5,"minecraft:ice":10,"minecraft:birch_leaves":4,"cobblemon:dusk_stone_ore":1,"minecraft:yellow_bed":5,"minecraft:grass":146,"minecraft:coal_ore":20,"minecraft:oak_log":15,"minecraft:sunflower":13,"minecraft:gravel":1,"minecraft:mangrove_log":5,"minecraft:smooth_basalt":3,"minecraft:oak_leaves":5},"minecraft:used":{"minecraft:ladder":4,"minecraft:spruce_planks":4,"minecraft:chest":1,"minecraft:iron_sword":67,"minecraft:stone_hoe":12,"minecraft:rotten_flesh":1,"minecraft:torch":6,"minecraft:dirt":10,"minecraft:carrot":2,"minecraft:honey_bottle":4,"cobblemon:pc":1,"minecraft:bow":26,"minecraft:scaffolding":8,"minecraft:furnace":6,"minecraft:cooked_beef":6,"minecraft:iron_leggings":2,"minecraft:calcite":9,"minecraft:wheat_seeds":5,"minecraft:stone_pickaxe":158,"minecraft:oak_planks":27,"minecraft:birch_boat":1,"minecraft:wooden_pickaxe":19,"minecraft:leather_boots":1,"minecraft:crafting_table":13,"minecraft:red_bed":1,"cobblemon:black_apricorn_seed":7,"minecraft:white_bed":2,"minecraft:lightning_rod":2,"minecraft:oak_log":1,"cobblemon:green_apricorn_seed":8,"minecraft:apple":13,"minecraft:iron_pickaxe":4,"minecraft:bread":66,"minecraft:brown_wool":1,"cobblemon:razz_berry":1,"cobblemon:blue_apricorn":10,"minecraft:stone_axe":70,"minecraft:cobblestone":24,"cobblemon:red_apricorn_seed":8,"minecraft:stripped_oak_wood":1,"minecraft:cooked_porkchop":2,"minecraft:cooked_rabbit":1,"minecraft:yellow_bed":5,"minecraft:bone_meal":19},"minecraft:custom":{"minecraft:mob_kills":37,"minecraft:interact_with_crafting_table":42,"minecraft:open_barrel":8,"minecraft:time_since_death":115474,"minecraft:climb_one_cm":41688,"minecraft:sprint_one_cm":1160002,"minecraft:walk_one_cm":682835,"minecraft:drop":83,"minecraft:talked_to_villager":9,"minecraft:play_time":383746,"minecraft:deaths":1,"minecraft:sneak_time":4228,"minecraft:walk_under_water_one_cm":72544,"minecraft:boat_one_cm":23489,"minecraft:jump":5952,"minecraft:walk_on_water_one_cm":22471,"minecraft:total_world_time":383746,"minecraft:interact_with_furnace":45,"minecraft:traded_with_villager":1,"minecraft:sleep_in_bed":30,"minecraft:time_since_rest":6384,"minecraft:damage_taken":2261,"minecraft:damage_dealt":4477,"minecraft:swim_one_cm":285865,"minecraft:fly_one_cm":1136678,"minecraft:open_chest":63,"minecraft:crouch_one_cm":5138,"minecraft:fall_one_cm":143391},"minecraft:crafted":{"minecraft:oak_planks":56,"minecraft:birch_boat":1,"cobblemon:slate_ball":52,"minecraft:lightning_rod":1,"minecraft:furnace":1,"minecraft:bone_meal":18,"minecraft:pink_dye":1,"minecraft:glass":11,"minecraft:stone_pickaxe":2,"minecraft:chest":1,"minecraft:stone_hoe":1,"minecraft:cooked_rabbit":1,"minecraft:wheat":108,"minecraft:cooked_beef":2,"minecraft:cooked_porkchop":2,"minecraft:crafting_table":12,"cobblemon:verdant_ball":24,"minecraft:wooden_pickaxe":1,"cobblemon:park_ball":4,"cobblemon:pc":1,"minecraft:copper_ingot":93,"minecraft:birch_planks":32,"minecraft:mangrove_planks":20,"minecraft:stone_axe":1,"minecraft:bread":42,"minecraft:air":0,"minecraft:stick":16,"minecraft:iron_ingot":23,"minecraft:iron_pickaxe":1,"minecraft:white_bed":1,"minecraft:torch":4,"cobblemon:ultra_ball":4,"cobblemon:great_ball":8,"cobblemon:relic_coin_pouch":8},"minecraft:dropped":{"minecraft:bread":2,"minecraft:iron_sword":1,"minecraft:wheat_seeds":5,"minecraft:oak_log":14,"minecraft:glass_bottle":1,"minecraft:iron_helmet":1,"minecraft:cobblestone":7,"cobblemon:focus_sash":2,"minecraft:leather":5,"minecraft:apple":12,"minecraft:mangrove_planks":1,"minecraft:saddle":2,"cobblemon:vivichoke_seeds":1,"cobblemon:oran_berry":9,"minecraft:stick":3,"cobblemon:pink_apricorn":2,"cobblemon:razz_berry":10,"cobblemon:slate_ball":8,"minecraft:mutton":2,"minecraft:brown_wool":3,"minecraft:sunflower":6,"cobblemon:great_ball":4,"minecraft:string":6,"minecraft:smooth_basalt":3,"minecraft:dandelion":2,"cobblemon:ultra_ball":4,"minecraft:bone":2,"minecraft:gravel":1,"minecraft:iron_nugget":2,"minecraft:coarse_dirt":1,"minecraft:raw_copper":8,"minecraft:pink_dye":2,"minecraft:chicken":4,"minecraft:rotten_flesh":11,"minecraft:oak_planks":48,"cobblemon:kings_rock":1,"minecraft:poppy":2,"minecraft:rabbit_hide":3,"minecraft:stone_pickaxe":2,"minecraft:arrow":5,"minecraft:beef":2,"minecraft:wooden_pickaxe":1}},"DataVersion":3465}