{"stats":{"minecraft:dropped":{"minecraft:wheat_seeds":39,"cobblemon:berry_juice":16,"minecraft:cooked_beef":9,"minecraft:lapis_lazuli":13,"minecraft:oak_log":1,"minecraft:diamond":1,"minecraft:amethyst_block":1,"minecraft:cooked_porkchop":2,"minecraft:feather":2,"minecraft:crossbow":1,"minecraft:cobblestone":61,"minecraft:warped_roots":5,"cobblemon:persim_berry":5,"minecraft:apple":1,"minecraft:leather":4,"minecraft:copper_ingot":1,"cobblemon:moon_stone":1,"minecraft:acacia_log":3,"cobblemon:exp_share":1,"cobblemon:silver_powder":1,"minecraft:stick":1,"minecraft:cobblestone_stairs":1,"minecraft:flint":3,"minecraft:dirt":3,"cobblemon:slate_ball":4,"cobblemon:white_apricorn":1,"minecraft:torch":2,"minecraft:mutton":1,"minecraft:light_blue_wool":1,"minecraft:brown_wool":4,"minecraft:iron_pickaxe":2,"cobblemon:leaf_stone":2,"minecraft:string":4,"minecraft:redstone":2,"minecraft:white_wool":7,"minecraft:spruce_sapling":2,"cobblemon:red_apricorn":2,"cobblemon:rindo_berry":1,"minecraft:moss_carpet":1,"cobblemon:wepear_berry":1,"minecraft:cobbled_deepslate":54,"cobblemon:friend_ball":4,"minecraft:raw_iron":1,"minecraft:pointed_dripstone":2,"minecraft:chicken":5,"minecraft:rotten_flesh":53,"cobblemon:premier_ball":12,"cobblemon:nest_ball":5,"megamons:anistarite_geode_block":19,"cobblemon:never_melt_ice":2,"cobblemon:bluk_berry":16,"minecraft:big_dripleaf":1,"minecraft:poppy":1,"megamons:anistarite_rough_geode_block":3,"cobblemon:aspear_berry":4,"minecraft:spruce_planks":14,"cobblemon:heal_ball":7,"minecraft:blue_ice":3,"minecraft:acacia_sapling":2,"minecraft:oak_sapling":2,"minecraft:spider_eye":1,"minecraft:arrow":8,"minecraft:stone_pickaxe":1,"minecraft:calcite":2,"minecraft:netherrack":11},"minecraft:mined":{"minecraft:nether_gold_ore":9,"minecraft:large_amethyst_bud":1,"minecraft:tuff":2,"minecraft:mossy_cobblestone":2,"minecraft:deepslate_diamond_ore":1,"minecraft:oak_door":1,"minecraft:cobblestone_stairs":2,"minecraft:budding_amethyst":1,"minecraft:ladder":3,"minecraft:acacia_log":2,"minecraft:grass_block":4,"megamons:crystal_water_stone_ore":1,"minecraft:jungle_log":7,"megamons:crystal_fire_stone_ore":1,"minecraft:redstone_wire":1,"megamons:crystal_dusk_stone_ore":1,"minecraft:moss_block":1,"minecraft:spruce_leaves":7,"minecraft:large_fern":1,"minecraft:hay_block":12,"minecraft:glowstone":14,"minecraft:sticky_piston":1,"minecraft:fire":4,"minecraft:iron_ore":1,"minecraft:cobbled_deepslate":1,"minecraft:deepslate_lapis_ore":2,"cobblemon:medicinal_leek":6,"minecraft:brown_bed":5,"minecraft:vine":3,"minecraft:cave_vines":2,"minecraft:deepslate_iron_ore":13,"minecraft:rail":1,"megamons:crystal_ice_stone_ore":2,"megamons:crystal_leaf_stone_ore":1,"minecraft:stone":52,"minecraft:piston_head":2,"megamons:anistarite_rough_geode_block":1,"minecraft:acacia_leaves":16,"megamons:anistarite_geode_block":40,"minecraft:amethyst_cluster":16,"cobblemon:revival_herb":12,"minecraft:powder_snow":6,"cobblemon:apricorn_leaves":3,"minecraft:oak_wood":7,"minecraft:calcite":4,"minecraft:poppy":1,"minecraft:cobblestone":9,"minecraft:tall_grass":5,"minecraft:copper_ore":12,"megamons:crystal_moon_stone_ore":1,"minecraft:deepslate_gold_ore":10,"minecraft:oak_planks":1,"minecraft:wall_torch":1,"minecraft:amethyst_block":6,"minecraft:deepslate_copper_ore":13,"cobblemon:deepslate_leaf_stone_ore":2,"minecraft:blue_ice":4,"minecraft:sweet_berry_bush":2,"minecraft:ice":1,"minecraft:spruce_log":18,"minecraft:white_carpet":1,"megamons:crystal_dawn_stone_ore":1,"minecraft:grass":12,"minecraft:oak_log":1,"megamons:crystal_sun_stone_ore":1,"minecraft:smooth_basalt":2,"minecraft:netherrack":11,"minecraft:oak_leaves":36,"minecraft:deepslate":38},"minecraft:picked_up":{"cobblemon:leaf_stone":8,"minecraft:chicken":5,"minecraft:ladder":2,"cobblemon:yellow_apricorn":40,"cobblemon:red_apricorn":50,"minecraft:brown_bed":5,"cobblemon:charti_berry":4,"cobblemon:sharp_beak":1,"minecraft:amethyst_block":1,"cobblemon:lum_berry":1,"minecraft:sticky_piston":3,"cobblemon:wepear_berry":2,"minecraft:string":5,"minecraft:moss_carpet":4,"minecraft:raw_copper":112,"cobblemon:revival_herb":40,"cobblemon:white_apricorn":46,"minecraft:white_carpet":2,"minecraft:gold_nugget":42,"minecraft:cobbled_deepslate":115,"cobblemon:green_apricorn":43,"cobblemon:white_apricorn_seed":2,"cobblemon:dusk_stone":2,"minecraft:beef":28,"minecraft:calcite":2,"cobblemon:oran_berry":225,"minecraft:poppy":1,"cobblemon:pep_up_flower":15,"cobblemon:green_apricorn_seed":2,"cobblemon:light_ball":1,"minecraft:stick":9,"minecraft:raw_iron":29,"cobblemon:silver_powder":1,"minecraft:oak_door":1,"minecraft:big_dripleaf":1,"minecraft:torch":19,"minecraft:acacia_log":7,"minecraft:porkchop":34,"minecraft:pointed_dripstone":2,"minecraft:redstone":2,"cobblemon:never_melt_ice":2,"cobblemon:dawn_stone":6,"minecraft:arrow":14,"minecraft:honey_bottle":1,"minecraft:rotten_flesh":33,"minecraft:light_blue_wool":1,"cobblemon:everstone":1,"minecraft:hay_block":12,"cobblemon:heavy_ball":1,"minecraft:glow_berries":35,"minecraft:mutton":11,"cobblemon:verdant_ball":4,"cobblemon:blue_apricorn":39,"minecraft:snowball":1,"minecraft:white_wool":10,"minecraft:cobblestone":137,"minecraft:feather":2,"minecraft:jungle_log":7,"minecraft:brown_wool":28,"minecraft:leather":12,"cobblemon:pinap_berry":16,"cobblemon:roseate_ball":4,"minecraft:oak_log":1,"minecraft:flint":3,"minecraft:tuff":8,"cobblemon:slate_ball":3,"cobblemon:bluk_berry":16,"minecraft:gunpowder":3,"minecraft:cobblestone_stairs":2,"minecraft:wooden_hoe":1,"minecraft:lapis_lazuli":31,"megamons:anistarite_geode_block":92,"minecraft:dirt":7,"cobblemon:pink_apricorn_seed":9,"cobblemon:heal_ball":1,"minecraft:bone":8,"minecraft:apple":1,"minecraft:wheat_seeds":40,"cobblemon:black_apricorn":87,"minecraft:stone_pickaxe":1,"cobblemon:thunder_stone":1,"minecraft:glowstone_dust":44,"cobblemon:moon_stone":3,"cobblemon:nest_ball":1,"minecraft:acacia_sapling":2,"minecraft:oak_planks":1,"cobblemon:chilan_berry":20,"cobblemon:sun_stone":1,"cobblemon:red_apricorn_seed":2,"cobblemon:kasib_berry":1,"minecraft:amethyst_shard":66,"minecraft:sweet_berries":2,"cobblemon:safari_ball":1,"cobblemon:cheri_berry":1,"cobblemon:black_apricorn_seed":6,"cobblemon:fire_stone":2,"cobblemon:blue_apricorn_seed":3,"cobblemon:shiny_stone":1,"cobblemon:premier_ball":12,"cobblemon:yellow_apricorn_seed":1,"cobblemon:persim_berry":5,"minecraft:spruce_sapling":2,"cobblemon:pink_apricorn":87,"megamons:raw_gyaradosite":1,"minecraft:spruce_log":18,"cobblemon:aspear_berry":137,"minecraft:spider_eye":1,"minecraft:mossy_cobblestone":2,"megamons:anistarite_rough_geode_block":3,"minecraft:oak_wood":7,"minecraft:diamond":1,"cobblemon:poke_ball":7,"minecraft:blue_ice":3,"minecraft:crossbow":1,"cobblemon:rindo_berry":20,"cobblemon:ice_stone":5,"cobblemon:medicinal_leek":12,"minecraft:warped_roots":3,"minecraft:bread":1,"cobblemon:chesto_berry":6,"cobblemon:water_stone":3,"minecraft:oak_sapling":2,"minecraft:netherrack":11,"minecraft:coal":52,"minecraft:ender_pearl":1},"minecraft:killed":{"minecraft:spider":1,"minecraft:skeleton":9,"minecraft:pig":5,"cobblemon:pokemon":5,"minecraft:creeper":4,"minecraft:zombie":10,"minecraft:player":1,"minecraft:cow":8},"minecraft:broken":{"minecraft:stone_pickaxe":1,"minecraft:stone_axe":1},"minecraft:custom":{"minecraft:mob_kills":43,"minecraft:interact_with_crafting_table":61,"minecraft:open_barrel":2,"minecraft:leave_game":1,"minecraft:time_since_death":412143,"minecraft:climb_one_cm":16192,"minecraft:sprint_one_cm":1512691,"minecraft:walk_one_cm":1069377,"minecraft:damage_blocked_by_shield":1520,"minecraft:drop":127,"minecraft:talked_to_villager":2,"minecraft:play_time":412143,"minecraft:sneak_time":8390,"minecraft:walk_under_water_one_cm":12840,"minecraft:jump":7516,"minecraft:interact_with_blast_furnace":3,"minecraft:walk_on_water_one_cm":31911,"minecraft:total_world_time":412143,"minecraft:interact_with_furnace":93,"minecraft:sleep_in_bed":30,"minecraft:time_since_rest":29013,"minecraft:damage_taken":1930,"minecraft:damage_dealt":5351,"minecraft:swim_one_cm":45966,"minecraft:fly_one_cm":1341478,"minecraft:player_kills":1,"minecraft:open_chest":134,"minecraft:crouch_one_cm":26801,"minecraft:fall_one_cm":162433,"minecraft:inspect_dispenser":1},"minecraft:crafted":{"cobblemon:exp_share":3,"minecraft:oak_planks":8,"cobblemon:slate_ball":12,"minecraft:furnace":2,"minecraft:bone_meal":21,"cobblemon:premier_ball":4,"minecraft:glass":2,"cobblemon:safari_ball":4,"minecraft:stone_pickaxe":1,"minecraft:wheat":108,"minecraft:golden_boots":1,"minecraft:cooked_beef":11,"minecraft:cooked_porkchop":18,"minecraft:crafting_table":15,"minecraft:spruce_planks":72,"minecraft:iron_helmet":3,"minecraft:bowl":16,"minecraft:brown_bed":6,"minecraft:copper_ingot":56,"cobblemon:roseate_ball":24,"minecraft:stone_axe":2,"minecraft:bread":36,"minecraft:air":0,"cobblemon:heal_ball":16,"cobblemon:heavy_ball":4,"cobblemon:poke_ball":4,"cobblemon:quick_ball":8,"minecraft:shield":1,"minecraft:stick":12,"minecraft:iron_pickaxe":2,"minecraft:iron_ingot":9,"cobblemon:berry_juice":16,"minecraft:gold_ingot":20,"cobblemon:friend_ball":4,"minecraft:acacia_planks":16,"minecraft:torch":16,"cobblemon:ultra_ball":4,"cobblemon:nest_ball":4},"minecraft:used":{"minecraft:moss_carpet":3,"cobblemon:charti_berry":1,"minecraft:ladder":2,"minecraft:shield":43,"minecraft:oak_door":1,"minecraft:torch":33,"cobblemon:chesto_berry":1,"minecraft:dirt":4,"minecraft:mutton":10,"minecraft:white_carpet":2,"cobblemon:cheri_berry":1,"minecraft:tuff":8,"minecraft:snowball":1,"cobblemon:pink_apricorn_seed":2,"cobblemon:revival_herb":18,"minecraft:bow":25,"minecraft:sweet_berries":2,"minecraft:furnace":2,"minecraft:cooked_beef":4,"minecraft:cobbled_deepslate":18,"minecraft:brown_bed":11,"minecraft:golden_boots":1,"minecraft:cobblestone_stairs":1,"minecraft:stone_pickaxe":131,"minecraft:oak_planks":1,"minecraft:glow_berries":31,"minecraft:mossy_cobblestone":2,"minecraft:crafting_table":15,"megamons:anistarite_geode_block":4,"minecraft:wooden_hoe":19,"cobblemon:green_apricorn_seed":1,"cobblemon:lum_berry":1,"minecraft:bread":42,"minecraft:string":1,"minecraft:iron_pickaxe":156,"minecraft:stone_axe":119,"minecraft:cobblestone":46,"minecraft:cooked_porkchop":17,"minecraft:porkchop":6,"minecraft:bone_meal":21}},"DataVersion":3465}