{"stats":{"minecraft:used":{"minecraft:enchanted_golden_apple":1},"minecraft:mined":{"minecraft:grass":1,"minecraft:dandelion":1,"minecraft:oak_leaves":3},"minecraft:custom":{"minecraft:jump":237,"minecraft:time_since_rest":4561,"minecraft:damage_dealt":10,"minecraft:crouch_one_cm":1279,"minecraft:deaths":2,"minecraft:sprint_one_cm":24910,"minecraft:play_time":6977,"minecraft:damage_taken":360,"minecraft:time_since_death":4531,"minecraft:walk_one_cm":15489,"minecraft:sneak_time":435,"minecraft:total_world_time":6977,"minecraft:drop":2,"minecraft:fall_one_cm":12586,"minecraft:fly_one_cm":37028},"minecraft:picked_up":{"minecraft:dandelion":2},"minecraft:killed_by":{"minecraft:zombie":1},"minecraft:dropped":{"minecraft:dandelion":2}},"DataVersion":3465}