{"stats":{"minecraft:custom":{"minecraft:jump":97,"minecraft:time_since_rest":6169,"minecraft:sprint_one_cm":6601,"minecraft:leave_game":3,"minecraft:play_time":6169,"minecraft:time_since_death":6169,"minecraft:walk_one_cm":3192,"minecraft:sneak_time":31,"minecraft:total_world_time":6169,"minecraft:drop":2,"minecraft:fall_one_cm":3193,"minecraft:fly_one_cm":22611},"minecraft:mined":{"minecraft:grass":4,"minecraft:tall_grass":2},"minecraft:picked_up":{"minecraft:wheat_seeds":1},"minecraft:dropped":{"k_turrets:cobble_drone_item":1,"minecraft:wheat_seeds":1}},"DataVersion":2975}