{"stats":{"minecraft:dropped":{"minecraft:wheat_seeds":36,"minecraft:cooked_beef":9,"minecraft:lapis_lazuli":13,"minecraft:oak_log":1,"minecraft:diamond":1,"minecraft:cooked_porkchop":2,"minecraft:feather":2,"minecraft:crossbow":1,"minecraft:cobblestone":61,"minecraft:warped_roots":4,"cobblemon:persim_berry":5,"minecraft:apple":1,"minecraft:leather":4,"minecraft:copper_ingot":1,"cobblemon:moon_stone":1,"minecraft:acacia_log":3,"cobblemon:exp_share":1,"cobblemon:silver_powder":1,"minecraft:stick":1,"minecraft:flint":2,"minecraft:dirt":3,"cobblemon:slate_ball":4,"cobblemon:white_apricorn":1,"minecraft:torch":2,"minecraft:mutton":1,"minecraft:light_blue_wool":1,"minecraft:brown_wool":2,"minecraft:iron_pickaxe":2,"cobblemon:leaf_stone":2,"minecraft:string":4,"minecraft:white_wool":5,"minecraft:spruce_sapling":2,"cobblemon:red_apricorn":2,"minecraft:moss_carpet":1,"cobblemon:wepear_berry":1,"minecraft:cobbled_deepslate":54,"cobblemon:friend_ball":4,"minecraft:raw_iron":1,"minecraft:pointed_dripstone":2,"minecraft:chicken":5,"minecraft:rotten_flesh":2,"cobblemon:premier_ball":12,"cobblemon:nest_ball":5,"megamons:anistarite_geode_block":19,"cobblemon:never_melt_ice":2,"cobblemon:bluk_berry":16,"minecraft:poppy":1,"megamons:anistarite_rough_geode_block":3,"cobblemon:aspear_berry":4,"minecraft:spruce_planks":14,"cobblemon:heal_ball":6,"minecraft:blue_ice":3,"minecraft:acacia_sapling":1,"minecraft:oak_sapling":2,"minecraft:spider_eye":1,"minecraft:arrow":8,"minecraft:stone_pickaxe":1,"minecraft:netherrack":11},"minecraft:mined":{"minecraft:nether_gold_ore":9,"minecraft:tuff":2,"minecraft:deepslate_diamond_ore":1,"minecraft:oak_door":1,"minecraft:cobblestone_stairs":1,"minecraft:ladder":3,"minecraft:acacia_log":1,"minecraft:grass_block":4,"megamons:crystal_fire_stone_ore":1,"minecraft:spruce_leaves":7,"minecraft:large_fern":1,"minecraft:hay_block":12,"minecraft:glowstone":14,"minecraft:fire":2,"minecraft:iron_ore":1,"minecraft:cobbled_deepslate":1,"minecraft:brown_bed":5,"minecraft:cave_vines":2,"minecraft:deepslate_iron_ore":13,"minecraft:rail":1,"minecraft:stone":52,"megamons:anistarite_rough_geode_block":1,"minecraft:acacia_leaves":12,"megamons:anistarite_geode_block":7,"cobblemon:revival_herb":4,"minecraft:powder_snow":6,"cobblemon:apricorn_leaves":2,"minecraft:calcite":2,"minecraft:poppy":1,"minecraft:cobblestone":6,"minecraft:tall_grass":4,"minecraft:copper_ore":12,"megamons:crystal_moon_stone_ore":1,"minecraft:deepslate_gold_ore":10,"minecraft:oak_planks":1,"minecraft:wall_torch":1,"minecraft:amethyst_block":4,"minecraft:deepslate_copper_ore":13,"cobblemon:deepslate_leaf_stone_ore":2,"minecraft:blue_ice":4,"minecraft:sweet_berry_bush":2,"minecraft:ice":1,"minecraft:spruce_log":18,"minecraft:white_carpet":1,"minecraft:grass":11,"minecraft:oak_log":1,"megamons:crystal_sun_stone_ore":1,"minecraft:smooth_basalt":2,"minecraft:netherrack":11,"minecraft:oak_leaves":36,"minecraft:deepslate":36},"minecraft:picked_up":{"cobblemon:leaf_stone":4,"minecraft:chicken":5,"minecraft:ladder":2,"cobblemon:yellow_apricorn":29,"cobblemon:red_apricorn":40,"minecraft:brown_bed":5,"cobblemon:charti_berry":2,"cobblemon:sharp_beak":1,"cobblemon:wepear_berry":1,"minecraft:string":5,"minecraft:moss_carpet":3,"minecraft:raw_copper":112,"cobblemon:revival_herb":14,"cobblemon:white_apricorn":36,"minecraft:white_carpet":2,"minecraft:gold_nugget":42,"minecraft:cobbled_deepslate":83,"cobblemon:green_apricorn":33,"cobblemon:white_apricorn_seed":2,"minecraft:beef":12,"cobblemon:oran_berry":180,"minecraft:poppy":1,"cobblemon:pep_up_flower":4,"cobblemon:green_apricorn_seed":2,"cobblemon:light_ball":1,"minecraft:stick":9,"minecraft:raw_iron":29,"cobblemon:silver_powder":1,"minecraft:oak_door":1,"minecraft:torch":19,"minecraft:acacia_log":6,"minecraft:porkchop":25,"minecraft:pointed_dripstone":2,"cobblemon:never_melt_ice":2,"cobblemon:dawn_stone":2,"minecraft:arrow":12,"minecraft:honey_bottle":1,"minecraft:rotten_flesh":13,"minecraft:light_blue_wool":1,"minecraft:hay_block":12,"minecraft:glow_berries":35,"minecraft:mutton":4,"cobblemon:verdant_ball":4,"cobblemon:blue_apricorn":28,"minecraft:snowball":1,"minecraft:white_wool":8,"minecraft:cobblestone":123,"minecraft:feather":2,"minecraft:brown_wool":24,"minecraft:leather":5,"cobblemon:pinap_berry":16,"cobblemon:roseate_ball":4,"minecraft:oak_log":1,"minecraft:flint":2,"minecraft:tuff":8,"cobblemon:slate_ball":3,"cobblemon:bluk_berry":16,"minecraft:cobblestone_stairs":1,"minecraft:wooden_hoe":1,"minecraft:lapis_lazuli":13,"megamons:anistarite_geode_block":65,"minecraft:dirt":7,"cobblemon:pink_apricorn_seed":6,"minecraft:bone":7,"minecraft:apple":1,"minecraft:wheat_seeds":36,"cobblemon:black_apricorn":66,"minecraft:stone_pickaxe":1,"cobblemon:thunder_stone":1,"minecraft:glowstone_dust":44,"cobblemon:moon_stone":2,"cobblemon:nest_ball":1,"minecraft:acacia_sapling":1,"minecraft:oak_planks":1,"cobblemon:chilan_berry":12,"cobblemon:sun_stone":1,"cobblemon:red_apricorn_seed":1,"cobblemon:kasib_berry":1,"minecraft:sweet_berries":2,"cobblemon:safari_ball":1,"cobblemon:black_apricorn_seed":4,"cobblemon:fire_stone":2,"cobblemon:blue_apricorn_seed":3,"cobblemon:shiny_stone":1,"cobblemon:premier_ball":12,"cobblemon:yellow_apricorn_seed":1,"cobblemon:persim_berry":5,"minecraft:spruce_sapling":2,"cobblemon:pink_apricorn":65,"minecraft:spruce_log":18,"cobblemon:aspear_berry":82,"minecraft:spider_eye":1,"megamons:anistarite_rough_geode_block":3,"minecraft:diamond":1,"cobblemon:poke_ball":7,"minecraft:blue_ice":3,"minecraft:crossbow":1,"cobblemon:rindo_berry":19,"cobblemon:ice_stone":3,"minecraft:warped_roots":2,"minecraft:bread":1,"cobblemon:chesto_berry":1,"cobblemon:water_stone":1,"minecraft:oak_sapling":2,"minecraft:netherrack":11,"minecraft:coal":52},"minecraft:killed":{"minecraft:spider":1,"minecraft:skeleton":8,"minecraft:pig":2,"cobblemon:pokemon":5,"minecraft:creeper":2,"minecraft:zombie":9,"minecraft:player":1,"minecraft:cow":4},"minecraft:broken":{"minecraft:stone_pickaxe":1,"minecraft:stone_axe":1},"minecraft:custom":{"minecraft:mob_kills":32,"minecraft:interact_with_crafting_table":53,"minecraft:open_barrel":2,"minecraft:leave_game":1,"minecraft:time_since_death":340143,"minecraft:climb_one_cm":10505,"minecraft:sprint_one_cm":1298283,"minecraft:walk_one_cm":888855,"minecraft:damage_blocked_by_shield":1150,"minecraft:drop":104,"minecraft:talked_to_villager":1,"minecraft:play_time":340143,"minecraft:sneak_time":7967,"minecraft:walk_under_water_one_cm":12219,"minecraft:jump":6486,"minecraft:interact_with_blast_furnace":3,"minecraft:walk_on_water_one_cm":27402,"minecraft:total_world_time":340143,"minecraft:interact_with_furnace":74,"minecraft:sleep_in_bed":26,"minecraft:time_since_rest":11979,"minecraft:damage_taken":1640,"minecraft:damage_dealt":4185,"minecraft:swim_one_cm":45966,"minecraft:fly_one_cm":1209960,"minecraft:player_kills":1,"minecraft:open_chest":81,"minecraft:crouch_one_cm":25747,"minecraft:fall_one_cm":143416},"minecraft:crafted":{"cobblemon:exp_share":3,"cobblemon:slate_ball":12,"minecraft:furnace":2,"minecraft:bone_meal":21,"cobblemon:premier_ball":4,"minecraft:glass":2,"cobblemon:safari_ball":4,"minecraft:stone_pickaxe":1,"minecraft:wheat":108,"minecraft:golden_boots":1,"minecraft:cooked_beef":9,"minecraft:cooked_porkchop":18,"minecraft:crafting_table":13,"minecraft:spruce_planks":72,"minecraft:iron_helmet":3,"minecraft:brown_bed":6,"minecraft:copper_ingot":48,"cobblemon:roseate_ball":12,"minecraft:stone_axe":2,"minecraft:bread":36,"minecraft:air":0,"cobblemon:heal_ball":16,"cobblemon:poke_ball":4,"minecraft:shield":1,"minecraft:stick":12,"minecraft:iron_pickaxe":2,"minecraft:iron_ingot":9,"minecraft:gold_ingot":4,"cobblemon:friend_ball":4,"minecraft:acacia_planks":12,"minecraft:torch":16,"cobblemon:nest_ball":4},"minecraft:used":{"minecraft:moss_carpet":2,"cobblemon:charti_berry":1,"minecraft:ladder":2,"minecraft:shield":30,"minecraft:oak_door":1,"minecraft:torch":33,"cobblemon:chesto_berry":1,"minecraft:dirt":4,"minecraft:white_carpet":2,"minecraft:tuff":8,"minecraft:snowball":1,"cobblemon:pink_apricorn_seed":1,"cobblemon:revival_herb":7,"minecraft:bow":15,"minecraft:sweet_berries":2,"minecraft:furnace":2,"minecraft:cobbled_deepslate":18,"minecraft:brown_bed":11,"minecraft:golden_boots":1,"minecraft:cobblestone_stairs":1,"minecraft:stone_pickaxe":131,"minecraft:oak_planks":1,"minecraft:glow_berries":31,"minecraft:crafting_table":13,"minecraft:wooden_hoe":11,"cobblemon:green_apricorn_seed":1,"minecraft:bread":42,"minecraft:string":1,"minecraft:iron_pickaxe":81,"minecraft:stone_axe":86,"minecraft:cobblestone":46,"minecraft:cooked_porkchop":17,"minecraft:porkchop":6,"minecraft:bone_meal":9}},"DataVersion":3465}