{"stats":{"minecraft:killed":{"minecraft:skeleton":3,"minecraft:pig":1,"cobblemon:pokemon":6,"minecraft:zombie":2,"minecraft:cow":6},"minecraft:picked_up":{"minecraft:crafting_table":1,"minecraft:chicken":1,"minecraft:ladder":4,"cobblemon:yellow_apricorn":5,"cobblemon:red_apricorn":5,"cobblemon:sharp_beak":1,"minecraft:red_bed":1,"minecraft:raw_copper":99,"cobblemon:green_apricorn":5,"minecraft:beef":15,"cobblemon:oran_berry":64,"minecraft:iron_nugget":2,"minecraft:poppy":1,"cobblemon:big_root":1,"cobblemon:green_apricorn_seed":2,"minecraft:mangrove_log":5,"minecraft:furnace":6,"minecraft:blue_wool":1,"minecraft:raw_iron":12,"minecraft:porkchop":5,"minecraft:carrot":2,"minecraft:arrow":4,"minecraft:rotten_flesh":1,"cobblemon:air_balloon":1,"cobblemon:blue_apricorn":18,"minecraft:cobblestone":39,"minecraft:cooked_beef":4,"minecraft:feather":3,"cobblemon:great_ball":3,"minecraft:leather":5,"minecraft:brown_wool":4,"cobblemon:focus_sash":2,"minecraft:potato":7,"cobblemon:razz_berry":5,"minecraft:oak_log":29,"minecraft:yellow_bed":1,"minecraft:bone":8,"minecraft:apple":10,"cobblemon:black_apricorn":21,"minecraft:wheat_seeds":10,"minecraft:rabbit_hide":2,"minecraft:rabbit":1,"minecraft:iron_sword":2,"minecraft:oak_planks":49,"cobblemon:chilan_berry":1,"cobblemon:red_apricorn_seed":2,"cobblemon:black_apricorn_seed":1,"cobblemon:persim_berry":5,"cobblemon:pink_apricorn":3,"minecraft:white_bed":1,"minecraft:bone_meal":1,"minecraft:bread":1,"minecraft:coal":46,"minecraft:pink_dye":1},"minecraft:mined":{"minecraft:white_bed":1,"cobblemon:big_root":2,"minecraft:ladder":4,"minecraft:grass_block":1,"minecraft:spruce_leaves":8,"minecraft:furnace":6,"minecraft:carrots":4,"minecraft:iron_ore":13,"cobblemon:black_apricorn":1,"minecraft:potatoes":8,"minecraft:stone":43,"minecraft:red_bed":1,"minecraft:crafting_table":1,"cobblemon:apricorn_leaves":2,"minecraft:cobblestone":3,"minecraft:copper_ore":34,"minecraft:tall_grass":20,"minecraft:oak_planks":1,"minecraft:wheat":5,"minecraft:ice":10,"minecraft:birch_leaves":4,"minecraft:yellow_bed":1,"minecraft:grass":85,"minecraft:coal_ore":19,"minecraft:oak_log":15,"minecraft:mangrove_log":5,"minecraft:oak_leaves":5},"minecraft:used":{"minecraft:ladder":4,"minecraft:chest":1,"minecraft:iron_sword":6,"minecraft:rotten_flesh":1,"minecraft:carrot":2,"minecraft:furnace":5,"minecraft:cooked_beef":6,"minecraft:iron_leggings":1,"minecraft:wheat_seeds":5,"minecraft:stone_pickaxe":107,"minecraft:oak_planks":1,"minecraft:wooden_pickaxe":19,"minecraft:leather_boots":1,"minecraft:crafting_table":4,"minecraft:red_bed":1,"cobblemon:black_apricorn_seed":1,"minecraft:white_bed":1,"minecraft:oak_log":1,"cobblemon:green_apricorn_seed":2,"minecraft:apple":13,"minecraft:bread":16,"minecraft:brown_wool":1,"cobblemon:razz_berry":1,"cobblemon:blue_apricorn":10,"minecraft:stone_axe":58,"minecraft:cobblestone":21,"cobblemon:red_apricorn_seed":2,"minecraft:cooked_porkchop":2,"minecraft:cooked_rabbit":1,"minecraft:yellow_bed":1,"minecraft:bone_meal":19},"minecraft:custom":{"minecraft:mob_kills":19,"minecraft:interact_with_crafting_table":23,"minecraft:open_barrel":7,"minecraft:time_since_death":167746,"minecraft:climb_one_cm":16157,"minecraft:sprint_one_cm":551281,"minecraft:walk_one_cm":371055,"minecraft:drop":52,"minecraft:talked_to_villager":9,"minecraft:play_time":167746,"minecraft:sneak_time":1495,"minecraft:walk_under_water_one_cm":1005,"minecraft:jump":2507,"minecraft:walk_on_water_one_cm":1549,"minecraft:total_world_time":167746,"minecraft:interact_with_furnace":36,"minecraft:traded_with_villager":1,"minecraft:sleep_in_bed":15,"minecraft:time_since_rest":1103,"minecraft:damage_taken":543,"minecraft:damage_dealt":2484,"minecraft:swim_one_cm":18734,"minecraft:fly_one_cm":522284,"minecraft:open_chest":38,"minecraft:crouch_one_cm":2480,"minecraft:fall_one_cm":43058},"minecraft:crafted":{"minecraft:oak_planks":56,"minecraft:furnace":1,"minecraft:bone_meal":18,"minecraft:pink_dye":1,"minecraft:stone_pickaxe":1,"minecraft:chest":1,"minecraft:cooked_rabbit":1,"minecraft:cooked_beef":2,"minecraft:cooked_porkchop":2,"minecraft:crafting_table":3,"minecraft:wooden_pickaxe":1,"cobblemon:park_ball":4,"minecraft:copper_ingot":93,"minecraft:mangrove_planks":20,"minecraft:stone_axe":1,"minecraft:bread":6,"minecraft:air":0,"minecraft:stick":8,"minecraft:iron_ingot":15,"cobblemon:ultra_ball":4,"cobblemon:great_ball":8,"cobblemon:relic_coin_pouch":1},"minecraft:dropped":{"minecraft:bread":2,"minecraft:iron_sword":1,"minecraft:wheat_seeds":5,"minecraft:oak_log":14,"minecraft:iron_helmet":1,"minecraft:cobblestone":4,"cobblemon:focus_sash":2,"minecraft:leather":5,"minecraft:apple":12,"minecraft:mangrove_planks":1,"minecraft:saddle":2,"cobblemon:vivichoke_seeds":1,"cobblemon:oran_berry":9,"minecraft:stick":2,"cobblemon:pink_apricorn":2,"cobblemon:razz_berry":4,"minecraft:brown_wool":2,"cobblemon:great_ball":4,"minecraft:string":6,"cobblemon:ultra_ball":4,"minecraft:bone":2,"minecraft:iron_nugget":2,"minecraft:raw_copper":8,"minecraft:pink_dye":2,"minecraft:oak_planks":48,"minecraft:poppy":2,"minecraft:rabbit_hide":2,"minecraft:arrow":4,"minecraft:wooden_pickaxe":1}},"DataVersion":3465}