{"stats":{"minecraft:killed":{"minecraft:pig":1,"cobblemon:pokemon":5,"minecraft:skeleton":2,"minecraft:zombie":1,"minecraft:cow":3},"minecraft:picked_up":{"minecraft:crafting_table":1,"minecraft:cooked_beef":4,"minecraft:ladder":4,"minecraft:brown_wool":4,"minecraft:leather":5,"cobblemon:focus_sash":2,"minecraft:potato":7,"cobblemon:razz_berry":5,"minecraft:raw_copper":29,"minecraft:bone":4,"minecraft:wheat_seeds":5,"cobblemon:black_apricorn":10,"cobblemon:green_apricorn":4,"minecraft:rabbit_hide":2,"minecraft:beef":9,"cobblemon:oran_berry":21,"minecraft:rabbit":1,"cobblemon:green_apricorn_seed":1,"minecraft:mangrove_log":5,"minecraft:furnace":4,"minecraft:blue_wool":1,"minecraft:porkchop":5,"cobblemon:persim_berry":5,"cobblemon:pink_apricorn":3,"minecraft:white_bed":1,"minecraft:carrot":2,"minecraft:arrow":4,"minecraft:rotten_flesh":1,"minecraft:bone_meal":1,"minecraft:pink_dye":1,"cobblemon:blue_apricorn":18,"minecraft:coal":46,"minecraft:cobblestone":25},"minecraft:mined":{"minecraft:white_bed":1,"minecraft:crafting_table":1,"cobblemon:apricorn_leaves":2,"minecraft:ladder":4,"minecraft:grass_block":1,"minecraft:copper_ore":9,"minecraft:cobblestone":3,"minecraft:spruce_leaves":3,"minecraft:furnace":4,"minecraft:carrots":4,"minecraft:wheat":5,"minecraft:ice":10,"cobblemon:black_apricorn":1,"minecraft:potatoes":8,"minecraft:coal_ore":19,"minecraft:mangrove_log":5,"minecraft:stone":22},"minecraft:used":{"minecraft:wheat_seeds":5,"minecraft:stone_pickaxe":38,"minecraft:ladder":4,"minecraft:wooden_pickaxe":19,"minecraft:rotten_flesh":1,"minecraft:leather_boots":1,"minecraft:crafting_table":3,"minecraft:carrot":2,"minecraft:white_bed":1,"minecraft:bread":1,"minecraft:brown_wool":1,"cobblemon:razz_berry":1,"cobblemon:blue_apricorn":10,"minecraft:stone_axe":27,"minecraft:cobblestone":7,"minecraft:furnace":3,"minecraft:cooked_porkchop":2,"minecraft:cooked_rabbit":1,"minecraft:cooked_beef":4,"minecraft:bone_meal":13,"minecraft:iron_leggings":1},"minecraft:custom":{"minecraft:interact_with_furnace":9,"minecraft:mob_kills":13,"minecraft:traded_with_villager":1,"minecraft:interact_with_crafting_table":7,"minecraft:open_barrel":6,"minecraft:time_since_death":77746,"minecraft:sleep_in_bed":7,"minecraft:climb_one_cm":3288,"minecraft:time_since_rest":2523,"minecraft:sprint_one_cm":220961,"minecraft:damage_taken":278,"minecraft:walk_one_cm":232525,"minecraft:drop":20,"minecraft:damage_dealt":1675,"minecraft:talked_to_villager":9,"minecraft:fly_one_cm":247573,"minecraft:open_chest":7,"minecraft:crouch_one_cm":863,"minecraft:play_time":77746,"minecraft:sneak_time":208,"minecraft:jump":1068,"minecraft:walk_on_water_one_cm":263,"minecraft:total_world_time":77746,"minecraft:fall_one_cm":12476},"minecraft:dropped":{"minecraft:bread":1,"minecraft:pink_dye":2,"minecraft:iron_helmet":1,"minecraft:cobblestone":4,"cobblemon:focus_sash":2,"minecraft:saddle":1,"cobblemon:vivichoke_seeds":1,"minecraft:stick":2,"cobblemon:pink_apricorn":1,"minecraft:rabbit_hide":2,"cobblemon:razz_berry":4,"minecraft:brown_wool":2,"minecraft:arrow":4,"minecraft:wooden_pickaxe":1},"minecraft:crafted":{"minecraft:cooked_beef":2,"minecraft:cooked_porkchop":2,"minecraft:crafting_table":2,"minecraft:wooden_pickaxe":1,"minecraft:furnace":1,"minecraft:copper_ingot":29,"minecraft:mangrove_planks":20,"minecraft:bone_meal":12,"minecraft:stone_axe":1,"minecraft:pink_dye":1,"minecraft:bread":6,"minecraft:air":0,"minecraft:stick":8,"minecraft:stone_pickaxe":1,"minecraft:cooked_rabbit":1}},"DataVersion":3465}