{"stats":{"minecraft:killed":{"minecraft:spider":2,"minecraft:skeleton":7,"minecraft:chicken":1,"minecraft:pig":2,"cobblemon:pokemon":6,"minecraft:creeper":5,"minecraft:zombie":9,"minecraft:cow":6},"minecraft:killed_by":{"minecraft:creeper":1},"minecraft:picked_up":{"minecraft:coarse_dirt":1,"minecraft:crafting_table":1,"minecraft:chicken":5,"minecraft:ladder":4,"cobblemon:blue_mint_leaf":4,"cobblemon:yellow_apricorn":11,"cobblemon:red_apricorn":123,"cobblemon:charti_berry":2,"minecraft:potion":3,"cobblemon:sharp_beak":1,"minecraft:amethyst_block":5,"minecraft:red_bed":1,"minecraft:raw_copper":125,"minecraft:iron_leggings":2,"minecraft:cobbled_deepslate":2,"minecraft:smooth_stone":8,"cobblemon:green_apricorn":128,"minecraft:spruce_planks":4,"minecraft:beef":29,"cobblemon:oran_berry":316,"cobblemon:relic_coin":48,"minecraft:iron_pickaxe":1,"cobblemon:oval_stone":2,"minecraft:calcite":9,"minecraft:iron_nugget":2,"minecraft:poppy":1,"cobblemon:dusk_stone":2,"cobblemon:big_root":3,"cobblemon:green_apricorn_seed":8,"minecraft:egg":2,"minecraft:mangrove_log":5,"minecraft:furnace":11,"minecraft:blue_wool":1,"minecraft:raw_iron":34,"cobblemon:spell_tag":3,"minecraft:copper_ingot":47,"minecraft:torch":2,"minecraft:porkchop":19,"minecraft:lightning_rod":1,"minecraft:carrot":2,"cobblemon:dawn_stone":2,"cobblemon:blue_mint_seeds":2,"minecraft:honey_bottle":2,"minecraft:arrow":5,"minecraft:rotten_flesh":12,"minecraft:decorated_pot":6,"minecraft:hay_block":12,"cobblemon:absorb_bulb":2,"cobblemon:air_balloon":1,"minecraft:mutton":2,"cobblemon:verdant_ball":15,"cobblemon:blue_apricorn":18,"minecraft:white_wool":6,"minecraft:cobblestone":54,"minecraft:birch_log":9,"minecraft:cooked_beef":4,"minecraft:feather":21,"cobblemon:great_ball":3,"minecraft:leather":5,"minecraft:brown_wool":8,"cobblemon:kebia_berry":2,"minecraft:birch_planks":22,"cobblemon:focus_sash":2,"minecraft:potato":7,"cobblemon:razz_berry":11,"cobblemon:slate_ball":20,"minecraft:oak_log":32,"minecraft:gunpowder":4,"minecraft:yellow_bed":5,"minecraft:stripped_birch_log":3,"minecraft:dirt":17,"minecraft:leather_boots":2,"minecraft:glass":20,"minecraft:bone":11,"minecraft:apple":10,"minecraft:bow":1,"cobblemon:black_apricorn":137,"minecraft:wheat_seeds":46,"minecraft:iron_ingot":5,"minecraft:birch_wood":2,"minecraft:rabbit_hide":3,"minecraft:stone_pickaxe":2,"minecraft:stripped_oak_wood":1,"minecraft:rabbit":1,"minecraft:stone_hoe":1,"minecraft:honeycomb":5,"minecraft:iron_sword":4,"minecraft:oak_planks":89,"cobblemon:poison_barb":1,"cobblemon:sun_stone":1,"cobblemon:chilan_berry":1,"minecraft:scaffolding":8,"cobblemon:red_apricorn_seed":8,"cobblemon:rare_candy":5,"minecraft:smooth_basalt":3,"cobblemon:black_apricorn_seed":7,"cobblemon:yellow_apricorn_seed":2,"minecraft:dandelion":2,"minecraft:gravel":1,"cobblemon:cheri_berry":72,"minecraft:sand":17,"minecraft:amethyst_shard":36,"cobblemon:persim_berry":5,"cobblemon:pink_apricorn":3,"minecraft:white_bed":5,"cobblemon:aspear_berry":16,"minecraft:stone_axe":2,"minecraft:bone_meal":1,"minecraft:bread":1,"cobblemon:water_stone":4,"cobblemon:chesto_berry":38,"minecraft:coal":72,"minecraft:pink_dye":1,"minecraft:sunflower":6},"minecraft:broken":{"minecraft:stone_pickaxe":1},"minecraft:mined":{"minecraft:spruce_planks":4,"minecraft:white_bed":4,"minecraft:stripped_birch_log":3,"cobblemon:big_root":3,"minecraft:ladder":4,"minecraft:grass_block":13,"minecraft:decorated_pot":7,"minecraft:spruce_leaves":10,"minecraft:hay_block":12,"minecraft:furnace":8,"minecraft:carrots":4,"minecraft:iron_ore":16,"cobblemon:black_apricorn":1,"minecraft:deepslate_iron_ore":15,"minecraft:potatoes":8,"minecraft:stone":58,"cobblemon:water_stone_ore":2,"minecraft:red_bed":1,"minecraft:amethyst_cluster":9,"minecraft:dandelion":2,"cobblemon:blue_mint":1,"minecraft:torch":1,"minecraft:crafting_table":1,"cobblemon:apricorn_leaves":2,"minecraft:calcite":4,"minecraft:cobblestone":3,"minecraft:copper_ore":40,"minecraft:tall_grass":42,"minecraft:birch_wood":2,"minecraft:deepslate_coal_ore":1,"minecraft:oak_planks":1,"cobblemon:deepslate_dawn_stone_ore":1,"minecraft:wall_torch":1,"minecraft:amethyst_block":5,"minecraft:birch_log":9,"minecraft:wheat":5,"minecraft:ice":10,"minecraft:birch_leaves":4,"cobblemon:dusk_stone_ore":1,"minecraft:yellow_bed":5,"minecraft:grass":146,"minecraft:coal_ore":33,"minecraft:oak_log":18,"minecraft:sunflower":13,"minecraft:gravel":1,"minecraft:mangrove_log":5,"minecraft:smooth_basalt":3,"minecraft:oak_leaves":5},"minecraft:used":{"minecraft:ladder":4,"minecraft:spruce_planks":4,"minecraft:chest":3,"minecraft:iron_sword":70,"minecraft:stone_hoe":12,"minecraft:rotten_flesh":1,"minecraft:torch":6,"minecraft:dirt":10,"minecraft:carrot":2,"minecraft:honey_bottle":4,"cobblemon:pc":1,"minecraft:bow":26,"minecraft:scaffolding":8,"minecraft:furnace":8,"minecraft:egg":2,"minecraft:cooked_beef":8,"minecraft:iron_leggings":2,"minecraft:calcite":9,"minecraft:wheat_seeds":5,"minecraft:birch_planks":1,"minecraft:stone_pickaxe":158,"minecraft:oak_planks":27,"minecraft:birch_boat":1,"minecraft:wooden_pickaxe":19,"minecraft:leather_boots":1,"minecraft:crafting_table":14,"minecraft:red_bed":1,"cobblemon:black_apricorn_seed":7,"minecraft:white_bed":4,"minecraft:lightning_rod":2,"minecraft:oak_log":1,"cobblemon:green_apricorn_seed":8,"minecraft:apple":13,"minecraft:chicken":1,"minecraft:iron_pickaxe":37,"minecraft:bread":68,"minecraft:brown_wool":1,"cobblemon:razz_berry":1,"cobblemon:blue_apricorn":10,"minecraft:stone_axe":79,"minecraft:cobblestone":27,"cobblemon:red_apricorn_seed":8,"minecraft:porkchop":11,"minecraft:stripped_oak_wood":1,"minecraft:cooked_porkchop":2,"minecraft:cooked_rabbit":1,"minecraft:yellow_bed":5,"minecraft:bone_meal":19},"minecraft:custom":{"minecraft:mob_kills":39,"minecraft:interact_with_crafting_table":45,"minecraft:open_barrel":8,"minecraft:time_since_death":15579,"minecraft:climb_one_cm":43179,"minecraft:sprint_one_cm":1309198,"minecraft:walk_one_cm":764724,"minecraft:drop":97,"minecraft:talked_to_villager":9,"minecraft:play_time":425746,"minecraft:deaths":2,"minecraft:sneak_time":4538,"minecraft:walk_under_water_one_cm":74290,"minecraft:boat_one_cm":23489,"minecraft:jump":7008,"minecraft:walk_on_water_one_cm":25452,"minecraft:total_world_time":425746,"minecraft:interact_with_furnace":52,"minecraft:traded_with_villager":1,"minecraft:sleep_in_bed":33,"minecraft:time_since_rest":4904,"minecraft:damage_taken":2691,"minecraft:damage_dealt":4647,"minecraft:swim_one_cm":295848,"minecraft:fly_one_cm":1384095,"minecraft:open_chest":68,"minecraft:crouch_one_cm":5782,"minecraft:fall_one_cm":171583},"minecraft:crafted":{"minecraft:oak_planks":68,"minecraft:birch_boat":1,"cobblemon:slate_ball":60,"minecraft:lightning_rod":1,"minecraft:furnace":1,"minecraft:bone_meal":18,"minecraft:pink_dye":1,"minecraft:glass":11,"minecraft:stone_pickaxe":2,"minecraft:chest":3,"minecraft:stone_hoe":1,"minecraft:cooked_rabbit":1,"minecraft:wheat":108,"minecraft:cooked_beef":8,"minecraft:cooked_porkchop":2,"minecraft:crafting_table":13,"cobblemon:verdant_ball":24,"minecraft:wooden_pickaxe":1,"cobblemon:park_ball":4,"cobblemon:pc":1,"minecraft:copper_ingot":93,"minecraft:birch_planks":56,"minecraft:mangrove_planks":20,"minecraft:stone_axe":1,"minecraft:bread":42,"minecraft:air":0,"minecraft:stick":16,"minecraft:iron_ingot":26,"minecraft:iron_pickaxe":1,"minecraft:white_bed":1,"minecraft:torch":4,"cobblemon:ultra_ball":4,"cobblemon:great_ball":8,"cobblemon:relic_coin_pouch":8},"minecraft:dropped":{"minecraft:bread":2,"minecraft:iron_sword":1,"minecraft:wheat_seeds":20,"minecraft:oak_log":14,"minecraft:glass_bottle":1,"minecraft:decorated_pot":6,"cobblemon:blue_mint_seeds":1,"minecraft:iron_helmet":1,"minecraft:cobblestone":10,"cobblemon:focus_sash":2,"minecraft:leather":5,"minecraft:apple":12,"minecraft:mangrove_planks":1,"minecraft:saddle":2,"cobblemon:vivichoke_seeds":1,"cobblemon:oran_berry":9,"minecraft:stick":3,"cobblemon:pink_apricorn":2,"cobblemon:razz_berry":10,"cobblemon:slate_ball":8,"minecraft:mutton":2,"minecraft:brown_wool":6,"minecraft:sunflower":6,"cobblemon:great_ball":4,"minecraft:string":6,"minecraft:smooth_basalt":3,"minecraft:dandelion":2,"cobblemon:ultra_ball":4,"minecraft:bone":3,"minecraft:gravel":1,"minecraft:iron_nugget":2,"minecraft:coarse_dirt":1,"minecraft:raw_copper":8,"minecraft:pink_dye":2,"minecraft:chicken":4,"minecraft:rotten_flesh":11,"minecraft:oak_planks":48,"cobblemon:kings_rock":1,"minecraft:poppy":2,"minecraft:rabbit_hide":3,"cobblemon:aspear_berry":16,"minecraft:stone_pickaxe":2,"minecraft:arrow":5,"minecraft:beef":2,"minecraft:wooden_pickaxe":1}},"DataVersion":3465}