{"stats":{"minecraft:used":{"minecraft:apple":1,"minecraft:stone_sword":18,"minecraft:sandstone_stairs":3,"minecraft:spruce_door":1,"spartanshields:wooden_basic_shield":1,"minecraft:birch_planks":1,"minecraft:stone_pickaxe":62,"minecraft:birch_boat":1,"minecraft:sandstone":4,"minecraft:quartz_stairs":1,"minecraft:torch":1,"minecraft:stone_axe":27,"minecraft:crafting_table":3,"minecraft:furnace":1,"minecraft:cooked_porkchop":2},"minecraft:picked_up":{"minecraft:birch_log":7,"minecraft:stick":13,"minecraft:sandstone":4,"minecraft:porkchop":6,"minecraft:oak_log":18,"minecraft:spruce_sapling":16,"minecraft:spruce_log":38,"minecraft:dirt":1,"minecraft:apple":1,"minecraft:sandstone_stairs":3,"spartanshields:wooden_basic_shield":1,"minecraft:oak_sapling":24,"minecraft:quartz_stairs":1,"minecraft:birch_sapling":3,"minecraft:coal":12,"minecraft:cobblestone":33},"minecraft:killed":{"enemyexpansion:meature":2,"minecraft:pig":4,"minecraft:spider":2,"alexsmobs:crow":2},"minecraft:custom":{"minecraft:time_since_rest":24466,"minecraft:interact_with_furnace":4,"minecraft:sprint_one_cm":31010,"spartanshields:shield_bash_hits":1,"minecraft:damage_taken":170,"minecraft:walk_one_cm":36734,"minecraft:damage_blocked_by_shield":20,"minecraft:mob_kills":5,"minecraft:drop":3,"minecraft:damage_dealt":564,"minecraft:interact_with_crafting_table":8,"minecraft:talked_to_villager":1,"minecraft:fly_one_cm":37995,"minecraft:open_barrel":7,"minecraft:crouch_one_cm":1863,"minecraft:play_time":24466,"tombstone:undead_killed":1,"minecraft:sneak_time":853,"minecraft:walk_under_water_one_cm":446,"minecraft:boat_one_cm":89947,"minecraft:jump":222,"minecraft:walk_on_water_one_cm":1078,"minecraft:time_since_death":24466,"minecraft:total_world_time":24466,"minecraft:fall_one_cm":4385},"minecraft:crafted":{"minecraft:cooked_porkchop":3,"minecraft:crafting_table":3,"minecraft:spruce_planks":5,"minecraft:stick":4,"minecraft:birch_boat":1,"minecraft:stone_pickaxe":1,"minecraft:furnace":1,"minecraft:stone_sword":1,"minecraft:spruce_door":3,"spartanshields:wooden_basic_shield":2,"minecraft:torch":4,"minecraft:birch_planks":7,"minecraft:stone_axe":1,"minecraft:air":48},"minecraft:mined":{"minecraft:quartz_stairs":1,"minecraft:spruce_log":31,"treechop:chopped_log":3,"minecraft:grass":5,"minecraft:coal_ore":13,"minecraft:oak_log":20,"minecraft:dirt":1,"minecraft:stone":40,"minecraft:sandstone":4,"minecraft:oak_leaves":1,"minecraft:sandstone_stairs":3},"minecraft:dropped":{"minecraft:dirt":1,"spartanshields:wooden_basic_shield":2}},"DataVersion":3465}