{"stats":{"minecraft:mined":{"minecraft:large_amethyst_bud":1,"minecraft:amethyst_cluster":3,"cobblemon:big_root":8,"minecraft:powder_snow":1,"minecraft:crafting_table":2,"minecraft:torch":2,"minecraft:calcite":4,"minecraft:grass_block":8,"minecraft:copper_ore":42,"minecraft:cobblestone":8,"minecraft:spruce_leaves":11,"minecraft:sugar_cane":3,"minecraft:amethyst_block":7,"minecraft:deepslate_copper_ore":1,"cobblemon:ice_stone_ore":1,"minecraft:furnace":1,"minecraft:iron_ore":5,"minecraft:ice":3,"minecraft:spruce_log":19,"cobblemon:persim_berry":3,"minecraft:brown_bed":1,"minecraft:grass":6,"minecraft:coal_ore":132,"minecraft:gravel":4,"minecraft:dirt":13,"minecraft:smooth_basalt":3,"minecraft:stone":100},"minecraft:killed":{"cobblemon:pokemon":2,"minecraft:spider":2,"minecraft:creeper":1,"minecraft:zombie":2,"minecraft:cow":2},"minecraft:used":{"minecraft:stone_pickaxe":88,"minecraft:shield":2,"minecraft:spruce_planks":3,"minecraft:wooden_pickaxe":3,"minecraft:torch":50,"minecraft:dirt":4,"minecraft:crafting_table":3,"minecraft:diamond_helmet":2,"minecraft:chicken":1,"minecraft:iron_pickaxe":220,"minecraft:stone_axe":42,"minecraft:cobblestone":51,"minecraft:beef":2,"minecraft:furnace":1,"minecraft:cooked_beef":5,"minecraft:diamond_leggings":1},"minecraft:dropped":{"minecraft:gravel":8,"minecraft:wheat_seeds":2,"minecraft:rotten_flesh":1,"minecraft:leather":2,"cobblemon:ice_stone":1,"minecraft:wooden_pickaxe":1,"minecraft:calcite":2,"minecraft:smooth_basalt":3},"minecraft:picked_up":{"minecraft:crafting_table":2,"minecraft:cooked_beef":4,"minecraft:chicken":1,"minecraft:leather":6,"minecraft:brown_bed":1,"minecraft:enchanted_book":3,"minecraft:flint":1,"minecraft:amethyst_block":7,"minecraft:string":2,"minecraft:dirt":19,"minecraft:raw_copper":145,"minecraft:cooked_salmon":8,"minecraft:diamond_leggings":1,"minecraft:wheat_seeds":2,"minecraft:spruce_planks":5,"minecraft:deepslate_diamond_ore":2,"minecraft:beef":6,"minecraft:calcite":2,"minecraft:diamond_helmet":1,"cobblemon:big_root":8,"cobblemon:nest_ball":6,"minecraft:sugar_cane":19,"minecraft:furnace":1,"minecraft:raw_iron":5,"minecraft:smooth_basalt":3,"patchouli:guide_book":2,"minecraft:torch":2,"minecraft:gravel":8,"minecraft:amethyst_shard":12,"minecraft:snow_block":6,"minecraft:spruce_sapling":1,"minecraft:spruce_log":19,"cobblemon:dawn_stone":2,"minecraft:rotten_flesh":1,"minecraft:blue_ice":3,"cobblemon:ice_stone":1,"minecraft:coal":176,"minecraft:snowball":6,"minecraft:cobblestone":110,"minecraft:ender_pearl":3},"minecraft:crafted":{"minecraft:cooked_beef":1,"minecraft:crafting_table":1,"minecraft:spruce_planks":76,"minecraft:wooden_pickaxe":1,"minecraft:furnace":1,"minecraft:stone_axe":1,"minecraft:air":0,"minecraft:diamond":2,"minecraft:shield":1,"minecraft:stick":20,"minecraft:iron_ingot":5,"minecraft:iron_pickaxe":1,"minecraft:stone_pickaxe":1,"minecraft:torch":48},"minecraft:custom":{"minecraft:interact_with_furnace":11,"minecraft:mob_kills":9,"minecraft:interact_with_crafting_table":6,"minecraft:open_barrel":1,"minecraft:leave_game":2,"minecraft:time_since_death":36595,"minecraft:sleep_in_bed":1,"minecraft:climb_one_cm":230,"minecraft:time_since_rest":4291,"minecraft:sprint_one_cm":83967,"minecraft:damage_taken":538,"minecraft:walk_one_cm":57980,"minecraft:damage_blocked_by_shield":30,"minecraft:drop":10,"minecraft:damage_dealt":1694,"minecraft:fly_one_cm":172252,"minecraft:crouch_one_cm":29544,"minecraft:play_time":52075,"minecraft:deaths":1,"minecraft:sneak_time":9683,"minecraft:walk_under_water_one_cm":3754,"minecraft:jump":991,"minecraft:walk_on_water_one_cm":7057,"minecraft:total_world_time":52075,"minecraft:fall_one_cm":24082}},"DataVersion":3465}