{"stats":{"minecraft:mined":{"minecraft:large_amethyst_bud":1,"minecraft:light_gray_carpet":1,"cobblemon:chople_berry":1,"cobblemon:dawn_stone_ore":1,"minecraft:smoker":1,"minecraft:amethyst_cluster":3,"cobblemon:big_root":8,"minecraft:powder_snow":1,"minecraft:crafting_table":2,"minecraft:torch":2,"minecraft:calcite":4,"minecraft:grass_block":8,"minecraft:tall_grass":1,"minecraft:copper_ore":42,"minecraft:cobblestone":12,"minecraft:spruce_leaves":11,"cobblemon:oran_berry":6,"minecraft:sugar_cane":5,"minecraft:amethyst_block":7,"minecraft:deepslate_copper_ore":1,"cobblemon:ice_stone_ore":2,"minecraft:furnace":2,"minecraft:iron_ore":5,"minecraft:ice":3,"minecraft:white_carpet":2,"minecraft:spruce_log":19,"cobblemon:persim_berry":3,"minecraft:brown_bed":3,"minecraft:grass":8,"minecraft:coal_ore":132,"minecraft:gravel":4,"minecraft:dirt":13,"minecraft:packed_ice":36,"minecraft:smooth_basalt":3,"minecraft:stone":100,"minecraft:netherrack":1,"minecraft:fern":2},"minecraft:killed":{"cobblemon:pokemon":5,"minecraft:spider":2,"minecraft:creeper":1,"minecraft:zombie":2,"minecraft:cow":2},"minecraft:used":{"minecraft:stone_pickaxe":91,"minecraft:shield":3,"minecraft:spruce_planks":3,"minecraft:wooden_pickaxe":3,"minecraft:cooked_salmon":5,"minecraft:torch":50,"minecraft:dirt":4,"minecraft:crafting_table":3,"minecraft:diamond_helmet":2,"minecraft:snowball":16,"minecraft:chicken":1,"minecraft:iron_pickaxe":250,"minecraft:stone_axe":56,"minecraft:cobblestone":59,"minecraft:beef":2,"minecraft:furnace":2,"minecraft:cooked_beef":6,"minecraft:diamond_leggings":1,"minecraft:brown_bed":2},"minecraft:broken":{"minecraft:iron_pickaxe":1},"minecraft:dropped":{"minecraft:gravel":8,"minecraft:wheat_seeds":2,"cobblemon:blue_apricorn":4,"cobblemon:yellow_apricorn":5,"minecraft:white_carpet":1,"minecraft:rotten_flesh":1,"minecraft:leather":6,"minecraft:light_gray_carpet":1,"cobblemon:oran_berry":30,"cobblemon:pink_apricorn":3,"minecraft:dirt":15,"cobblemon:aspear_berry":2,"minecraft:shield":1,"cobblemon:white_apricorn":2,"minecraft:blue_ice":3,"cobblemon:ice_stone":2,"minecraft:wooden_pickaxe":1,"cobblemon:blue_apricorn_seed":1,"minecraft:calcite":2,"minecraft:string":2,"minecraft:spruce_sapling":1,"cobblemon:red_apricorn":10,"minecraft:smooth_basalt":3},"minecraft:picked_up":{"minecraft:crafting_table":2,"minecraft:cooked_beef":4,"minecraft:chicken":1,"cobblemon:yellow_apricorn":5,"minecraft:leather":6,"cobblemon:red_apricorn":10,"minecraft:smoker":1,"minecraft:brown_bed":3,"minecraft:enchanted_book":3,"minecraft:flint":1,"minecraft:shield":1,"minecraft:amethyst_block":7,"minecraft:string":2,"minecraft:dirt":19,"minecraft:raw_copper":145,"minecraft:cooked_salmon":8,"cobblemon:white_apricorn":2,"minecraft:white_carpet":1,"minecraft:diamond_leggings":1,"minecraft:wheat_seeds":2,"minecraft:spruce_planks":5,"minecraft:deepslate_diamond_ore":2,"minecraft:beef":8,"cobblemon:oran_berry":30,"minecraft:calcite":2,"minecraft:diamond_helmet":1,"cobblemon:big_root":8,"cobblemon:nest_ball":6,"minecraft:sugar_cane":26,"minecraft:furnace":2,"minecraft:raw_iron":5,"minecraft:smooth_basalt":3,"patchouli:guide_book":2,"minecraft:torch":2,"cobblemon:blue_apricorn_seed":1,"minecraft:gravel":8,"minecraft:amethyst_shard":12,"minecraft:snow_block":6,"cobblemon:persim_berry":3,"minecraft:spruce_sapling":1,"cobblemon:pink_apricorn":3,"minecraft:spruce_log":19,"cobblemon:aspear_berry":2,"cobblemon:dawn_stone":3,"minecraft:rotten_flesh":1,"minecraft:blue_ice":3,"cobblemon:ice_stone":2,"cobblemon:blue_apricorn":4,"minecraft:light_gray_carpet":2,"minecraft:coal":229,"minecraft:snowball":22,"minecraft:cobblestone":114,"minecraft:ender_pearl":3},"minecraft:crafted":{"minecraft:cooked_beef":6,"minecraft:crafting_table":1,"minecraft:spruce_planks":76,"minecraft:wooden_pickaxe":1,"minecraft:furnace":1,"minecraft:stone_axe":1,"minecraft:air":0,"minecraft:diamond":2,"minecraft:shield":1,"minecraft:stick":20,"minecraft:iron_ingot":5,"minecraft:iron_pickaxe":1,"minecraft:stone_pickaxe":1,"minecraft:torch":48},"minecraft:custom":{"minecraft:interact_with_furnace":14,"minecraft:mob_kills":13,"minecraft:interact_with_crafting_table":7,"minecraft:open_barrel":1,"minecraft:leave_game":2,"minecraft:time_since_death":72595,"minecraft:sleep_in_bed":4,"minecraft:climb_one_cm":3324,"minecraft:time_since_rest":11888,"minecraft:sprint_one_cm":180396,"minecraft:damage_taken":606,"minecraft:walk_one_cm":104689,"minecraft:damage_blocked_by_shield":190,"minecraft:drop":30,"minecraft:damage_dealt":2114,"minecraft:swim_one_cm":11614,"minecraft:fly_one_cm":487765,"minecraft:open_chest":2,"minecraft:crouch_one_cm":33015,"minecraft:play_time":88075,"minecraft:deaths":1,"minecraft:sneak_time":10626,"minecraft:walk_under_water_one_cm":4434,"minecraft:jump":2085,"minecraft:interact_with_brewingstand":1,"minecraft:walk_on_water_one_cm":11630,"minecraft:total_world_time":88075,"minecraft:fall_one_cm":43913}},"DataVersion":3465}