{"stats":{"minecraft:mined":{"minecraft:large_amethyst_bud":1,"minecraft:deepslate_diamond_ore":14,"cobblemon:dawn_stone_ore":1,"cobblemon:big_root":8,"minecraft:grass_block":8,"minecraft:decorated_pot":6,"minecraft:spruce_leaves":11,"cobblemon:ice_stone_ore":2,"minecraft:furnace":4,"minecraft:iron_ore":5,"minecraft:fire":1,"minecraft:deepslate_lapis_ore":1,"minecraft:brown_bed":5,"minecraft:pointed_dripstone":3,"minecraft:deepslate_iron_ore":11,"minecraft:packed_ice":36,"minecraft:stone":100,"minecraft:light_gray_carpet":1,"cobblemon:chople_berry":1,"minecraft:smoker":1,"minecraft:amethyst_cluster":3,"minecraft:powder_snow":1,"minecraft:clay":1,"minecraft:crafting_table":2,"minecraft:torch":2,"minecraft:calcite":4,"minecraft:copper_ore":42,"minecraft:tall_grass":4,"minecraft:cobblestone":13,"minecraft:deepslate_gold_ore":22,"minecraft:sugar_cane":5,"cobblemon:oran_berry":6,"minecraft:amethyst_block":7,"minecraft:deepslate_copper_ore":1,"minecraft:ice":3,"minecraft:spruce_log":19,"minecraft:white_carpet":2,"cobblemon:persim_berry":3,"minecraft:grass":10,"minecraft:coal_ore":132,"minecraft:dripstone_block":2,"minecraft:gravel":4,"minecraft:dirt":13,"minecraft:smooth_basalt":3,"minecraft:netherrack":1,"minecraft:deepslate":14,"minecraft:fern":2},"minecraft:killed":{"minecraft:spider":2,"minecraft:skeleton":3,"cobblemon:pokemon":5,"minecraft:creeper":1,"minecraft:zombie":4,"minecraft:cow":2},"minecraft:used":{"minecraft:spruce_planks":3,"minecraft:shield":11,"minecraft:cooked_salmon":8,"minecraft:torch":103,"minecraft:dirt":4,"minecraft:diamond_helmet":2,"minecraft:snowball":16,"minecraft:spruce_button":1,"minecraft:beef":2,"minecraft:furnace":4,"minecraft:cooked_beef":9,"minecraft:cobbled_deepslate":4,"minecraft:brown_bed":4,"minecraft:stone_pickaxe":107,"minecraft:wooden_pickaxe":3,"minecraft:crafting_table":4,"minecraft:dripstone_block":2,"minecraft:chicken":1,"minecraft:iron_pickaxe":308,"minecraft:stone_axe":73,"minecraft:cobblestone":98,"minecraft:diamond_leggings":1},"minecraft:broken":{"minecraft:iron_pickaxe":1},"minecraft:dropped":{"minecraft:wheat_seeds":3,"cobblemon:blue_apricorn":4,"minecraft:dripstone_block":2,"minecraft:amethyst_block":7,"minecraft:leather":6,"cobblemon:oran_berry":30,"cobblemon:pink_apricorn":3,"minecraft:dirt":15,"cobblemon:white_apricorn":2,"cobblemon:ice_stone":2,"cobblemon:blue_apricorn_seed":1,"minecraft:string":2,"minecraft:spruce_sapling":1,"cobblemon:red_apricorn":10,"minecraft:smooth_basalt":3,"minecraft:gravel":8,"minecraft:cobbled_deepslate":1,"minecraft:white_carpet":1,"minecraft:rotten_flesh":3,"cobblemon:yellow_apricorn":5,"minecraft:clay_ball":4,"minecraft:light_gray_carpet":1,"minecraft:shield":1,"cobblemon:aspear_berry":2,"minecraft:blue_ice":3,"minecraft:arrow":2,"minecraft:stone_pickaxe":1,"minecraft:wooden_pickaxe":1,"minecraft:calcite":2},"minecraft:crafted":{"minecraft:spruce_button":1,"minecraft:furnace":1,"minecraft:diamond":2,"minecraft:stone_pickaxe":1,"minecraft:cooked_beef":6,"minecraft:crafting_table":2,"minecraft:spruce_planks":76,"minecraft:wooden_pickaxe":1,"minecraft:stone_axe":1,"minecraft:air":0,"minecraft:shield":1,"minecraft:stick":40,"minecraft:iron_ingot":13,"minecraft:iron_pickaxe":2,"minecraft:torch":120},"minecraft:picked_up":{"minecraft:crafting_table":2,"minecraft:chicken":1,"minecraft:clay_ball":4,"cobblemon:yellow_apricorn":5,"cobblemon:red_apricorn":10,"minecraft:brown_bed":5,"minecraft:enchanted_book":3,"minecraft:shield":1,"minecraft:brick":15,"minecraft:amethyst_block":7,"minecraft:string":2,"minecraft:raw_copper":145,"minecraft:cooked_salmon":8,"cobblemon:white_apricorn":2,"minecraft:white_carpet":1,"minecraft:diamond_leggings":1,"minecraft:cobbled_deepslate":5,"minecraft:spruce_planks":5,"minecraft:deepslate_diamond_ore":2,"minecraft:beef":8,"cobblemon:oran_berry":30,"minecraft:calcite":2,"cobblemon:big_root":8,"minecraft:sugar_cane":26,"minecraft:furnace":5,"minecraft:raw_iron":11,"minecraft:torch":2,"minecraft:snow_block":6,"cobblemon:dawn_stone":3,"minecraft:arrow":2,"minecraft:rotten_flesh":3,"minecraft:decorated_pot":2,"minecraft:snowball":22,"cobblemon:blue_apricorn":4,"minecraft:cobblestone":115,"minecraft:cooked_beef":4,"minecraft:leather":6,"minecraft:smoker":1,"minecraft:flint":1,"minecraft:lapis_lazuli":4,"minecraft:dirt":19,"cobblemon:heal_ball":5,"minecraft:bone":2,"minecraft:wheat_seeds":3,"minecraft:raw_gold":22,"minecraft:diamond_helmet":1,"cobblemon:nest_ball":6,"minecraft:smooth_basalt":3,"patchouli:guide_book":2,"minecraft:dripstone_block":4,"cobblemon:blue_apricorn_seed":1,"minecraft:gravel":8,"minecraft:amethyst_shard":12,"cobblemon:persim_berry":8,"minecraft:spruce_sapling":1,"cobblemon:pink_apricorn":3,"minecraft:spruce_log":19,"cobblemon:aspear_berry":2,"minecraft:diamond":12,"minecraft:blue_ice":3,"cobblemon:ice_stone":2,"minecraft:light_gray_carpet":2,"minecraft:coal":229,"minecraft:ender_pearl":3},"minecraft:custom":{"minecraft:mob_kills":18,"minecraft:interact_with_crafting_table":9,"minecraft:open_barrel":1,"minecraft:leave_game":2,"minecraft:time_since_death":96595,"minecraft:climb_one_cm":4567,"minecraft:sprint_one_cm":243285,"minecraft:walk_one_cm":132041,"minecraft:damage_blocked_by_shield":650,"minecraft:drop":39,"minecraft:play_time":112075,"minecraft:deaths":1,"minecraft:sneak_time":13213,"minecraft:walk_under_water_one_cm":7053,"minecraft:jump":2687,"minecraft:interact_with_brewingstand":1,"minecraft:walk_on_water_one_cm":15747,"minecraft:total_world_time":112075,"minecraft:interact_with_furnace":20,"minecraft:sleep_in_bed":7,"minecraft:time_since_rest":7273,"minecraft:damage_taken":1016,"minecraft:damage_dealt":3214,"minecraft:swim_one_cm":18631,"minecraft:fly_one_cm":592674,"minecraft:open_chest":2,"minecraft:crouch_one_cm":41276,"minecraft:fall_one_cm":72432}},"DataVersion":3465}