{"stats":{"minecraft:dropped":{"minecraft:bread":1,"cobblemon:pinap_berry":16,"minecraft:wheat_seeds":6,"minecraft:glow_ink_sac":3,"cobblemon:blue_apricorn":4,"minecraft:dripstone_block":2,"cobblemon:thunder_stone":1,"minecraft:warped_roots":1,"minecraft:leather":6,"minecraft:amethyst_block":7,"cobblemon:water_stone":1,"minecraft:jungle_planks":1,"cobblemon:moon_stone":1,"cobblemon:shiny_stone":1,"cobblemon:oran_berry":30,"cobblemon:pink_apricorn":3,"minecraft:stick":4,"minecraft:dirt":15,"cobblemon:dawn_stone":2,"cobblemon:white_apricorn":2,"minecraft:torch":17,"minecraft:melon_slice":4,"cobblemon:ice_stone":3,"cobblemon:blue_apricorn_seed":1,"minecraft:string":2,"minecraft:spruce_sapling":1,"minecraft:smooth_basalt":3,"cobblemon:red_apricorn":10,"minecraft:gravel":8,"minecraft:cobbled_deepslate":1,"minecraft:white_carpet":1,"cobblemon:yellow_apricorn":5,"minecraft:rotten_flesh":10,"minecraft:clay_ball":4,"minecraft:light_gray_carpet":1,"megamons:anistarite_geode_block":20,"minecraft:shield":2,"cobblemon:aspear_berry":2,"minecraft:blue_ice":3,"minecraft:wooden_pickaxe":1,"minecraft:arrow":2,"minecraft:stone_pickaxe":1,"minecraft:calcite":2,"minecraft:netherrack":3},"minecraft:mined":{"minecraft:large_amethyst_bud":1,"minecraft:tuff":25,"minecraft:deepslate_diamond_ore":22,"cobblemon:dawn_stone_ore":1,"minecraft:nether_bricks":1,"cobblemon:big_root":8,"minecraft:obsidian":16,"megamons:crystal_shiny_stone_ore":1,"minecraft:cave_vines_plant":23,"minecraft:grass_block":8,"minecraft:jungle_log":43,"minecraft:decorated_pot":19,"minecraft:jungle_planks":1,"megamons:crystal_water_stone_ore":1,"megamons:crystal_fire_stone_ore":1,"minecraft:spruce_leaves":11,"minecraft:moss_block":5,"minecraft:spawner":1,"cobblemon:ice_stone_ore":2,"minecraft:furnace":4,"minecraft:iron_ore":13,"minecraft:cobbled_deepslate":15,"minecraft:fire":54,"minecraft:deepslate_lapis_ore":8,"minecraft:brown_bed":5,"minecraft:gold_block":2,"minecraft:vine":5,"minecraft:pointed_dripstone":3,"minecraft:cave_vines":22,"minecraft:deepslate_iron_ore":20,"minecraft:rail":1,"megamons:crystal_ice_stone_ore":1,"minecraft:stripped_jungle_log":1,"minecraft:packed_ice":36,"minecraft:stone":259,"minecraft:blue_orchid":1,"megamons:crystal_thunder_stone_ore":1,"megamons:anistarite_rough_geode_block":10,"minecraft:deepslate_redstone_ore":2,"minecraft:light_gray_carpet":1,"minecraft:acacia_leaves":2,"minecraft:flowering_azalea":1,"cobblemon:chople_berry":1,"megamons:anistarite_geode_block":58,"minecraft:red_bed":2,"minecraft:smoker":1,"cobblemon:revival_herb":1,"minecraft:amethyst_cluster":3,"minecraft:powder_snow":1,"minecraft:crafting_table":3,"minecraft:clay":1,"minecraft:torch":3,"minecraft:oak_wood":12,"minecraft:calcite":4,"minecraft:melon":6,"minecraft:chest":1,"minecraft:nether_quartz_ore":3,"minecraft:copper_ore":42,"cobblemon:pinap_berry":3,"minecraft:tall_grass":11,"minecraft:cobblestone":15,"megamons:crystal_moon_stone_ore":1,"minecraft:deepslate_gold_ore":49,"minecraft:oak_planks":8,"minecraft:sugar_cane":16,"cobblemon:oran_berry":7,"cobblemon:relic_coin_pouch":1,"minecraft:wall_torch":6,"minecraft:amethyst_block":7,"minecraft:deepslate_copper_ore":8,"minecraft:spruce_stairs":1,"minecraft:mud":9,"minecraft:ice":3,"minecraft:white_carpet":2,"minecraft:spruce_log":19,"cobblemon:persim_berry":3,"minecraft:grass":37,"minecraft:coal_ore":132,"minecraft:sand":3,"minecraft:gravel":18,"minecraft:dripstone_block":2,"minecraft:dirt":13,"minecraft:smooth_basalt":3,"minecraft:small_dripleaf":1,"minecraft:netherrack":143,"minecraft:deepslate":327,"minecraft:oak_leaves":2,"minecraft:fern":3},"minecraft:picked_up":{"minecraft:crafting_table":2,"minecraft:chicken":1,"minecraft:clay_ball":4,"cobblemon:yellow_apricorn":5,"cobblemon:red_apricorn":10,"minecraft:brown_bed":5,"minecraft:gold_block":2,"minecraft:enchanted_book":3,"minecraft:shield":2,"minecraft:brick":15,"minecraft:amethyst_block":7,"minecraft:string":2,"minecraft:red_bed":2,"minecraft:raw_copper":150,"minecraft:cooked_salmon":8,"cobblemon:white_apricorn":2,"minecraft:white_carpet":1,"minecraft:diamond_leggings":1,"minecraft:cobbled_deepslate":229,"minecraft:jungle_sapling":1,"minecraft:spruce_planks":5,"minecraft:deepslate_diamond_ore":2,"minecraft:beef":8,"cobblemon:oran_berry":45,"cobblemon:relic_coin":49,"minecraft:calcite":2,"minecraft:azalea":1,"minecraft:iron_pickaxe":1,"cobblemon:big_root":8,"minecraft:melon_slice":27,"minecraft:sugar_cane":52,"minecraft:furnace":5,"minecraft:raw_iron":11,"minecraft:stick":4,"minecraft:porkchop":6,"minecraft:torch":7,"minecraft:spruce_stairs":1,"minecraft:snow_block":6,"minecraft:redstone":8,"cobblemon:dawn_stone":3,"minecraft:arrow":2,"minecraft:rotten_flesh":10,"minecraft:nether_bricks":1,"minecraft:decorated_pot":3,"cobblemon:revive":1,"minecraft:blaze_rod":4,"minecraft:obsidian":16,"minecraft:glow_berries":7,"cobblemon:blue_apricorn":7,"minecraft:snowball":22,"minecraft:rail":1,"minecraft:cobblestone":123,"minecraft:cooked_beef":6,"minecraft:magma_cream":1,"minecraft:glow_ink_sac":3,"minecraft:jungle_log":43,"minecraft:leather":7,"cobblemon:pinap_berry":16,"minecraft:smoker":1,"minecraft:flint":1,"minecraft:tuff":8,"megamons:anistarite_geode_block":27,"minecraft:lapis_lazuli":39,"minecraft:dirt":19,"cobblemon:heal_ball":7,"minecraft:bone":5,"minecraft:wheat_seeds":14,"minecraft:raw_gold":49,"minecraft:cooked_chicken":1,"cobblemon:thunder_stone":1,"minecraft:diamond_helmet":1,"cobblemon:moon_stone":1,"cobblemon:nest_ball":6,"minecraft:oak_planks":9,"minecraft:ghast_tear":1,"minecraft:smooth_basalt":3,"minecraft:cooked_porkchop":3,"cobblemon:premier_ball":2,"minecraft:quartz":3,"patchouli:guide_book":2,"cobblemon:blue_apricorn_seed":1,"cobblemon:shiny_stone":1,"minecraft:dripstone_block":4,"minecraft:gravel":8,"minecraft:amethyst_shard":12,"minecraft:jungle_planks":1,"minecraft:sand":3,"cobblemon:persim_berry":8,"minecraft:spruce_sapling":1,"cobblemon:pink_apricorn":3,"minecraft:spruce_log":19,"cobblemon:aspear_berry":2,"megamons:anistarite_rough_geode_block":5,"minecraft:stripped_jungle_log":1,"minecraft:oak_wood":11,"minecraft:diamond":21,"minecraft:blue_ice":3,"cobblemon:ice_stone":3,"minecraft:warped_roots":1,"minecraft:netherrack":165,"minecraft:coal":231,"cobblemon:water_stone":1,"minecraft:light_gray_carpet":2,"minecraft:ender_pearl":5},"minecraft:killed":{"minecraft:spider":2,"minecraft:skeleton":3,"minecraft:piglin":2,"minecraft:pig":1,"cobblemon:pokemon":6,"minecraft:hoglin":2,"minecraft:creeper":1,"minecraft:zombie":4,"minecraft:ghast":1,"minecraft:wither_skeleton":3,"minecraft:enderman":2,"minecraft:blaze":4,"minecraft:cow":2},"minecraft:broken":{"minecraft:stone_axe":1,"minecraft:iron_pickaxe":3},"minecraft:custom":{"minecraft:mob_kills":34,"minecraft:interact_with_crafting_table":29,"minecraft:open_barrel":2,"minecraft:leave_game":3,"minecraft:time_since_death":301771,"minecraft:climb_one_cm":14017,"minecraft:sprint_one_cm":757358,"minecraft:walk_one_cm":394984,"minecraft:damage_blocked_by_shield":1440,"minecraft:drop":64,"minecraft:talked_to_villager":5,"minecraft:play_time":317251,"minecraft:deaths":1,"minecraft:sneak_time":32317,"minecraft:walk_under_water_one_cm":8569,"minecraft:jump":7206,"minecraft:interact_with_brewingstand":1,"minecraft:walk_on_water_one_cm":50675,"minecraft:total_world_time":317251,"minecraft:interact_with_furnace":72,"minecraft:interact_with_loom":6,"minecraft:sleep_in_bed":18,"minecraft:time_since_rest":28419,"minecraft:damage_taken":2668,"minecraft:damage_dealt":7042,"minecraft:swim_one_cm":29559,"minecraft:fly_one_cm":1429915,"minecraft:open_chest":95,"minecraft:crouch_one_cm":94718,"minecraft:fall_one_cm":218568},"minecraft:crafted":{"minecraft:smooth_stone":2,"minecraft:oak_planks":32,"minecraft:spruce_button":1,"minecraft:furnace":1,"minecraft:stone":2,"minecraft:glass":1,"minecraft:diamond":2,"minecraft:iron_axe":1,"minecraft:stone_pickaxe":1,"minecraft:chest":11,"cobblemon:azure_ball":8,"minecraft:cooked_beef":6,"minecraft:crafting_table":2,"minecraft:spruce_planks":76,"minecraft:wooden_pickaxe":1,"cobblemon:pc":1,"minecraft:copper_ingot":19,"minecraft:bucket":1,"minecraft:stone_axe":1,"minecraft:jungle_planks":176,"minecraft:air":0,"cobblemon:quick_ball":12,"cobblemon:healing_machine":1,"minecraft:diamond_pickaxe":1,"minecraft:shield":1,"minecraft:stick":60,"minecraft:iron_ingot":54,"minecraft:iron_pickaxe":3,"minecraft:gold_ingot":70,"minecraft:torch":152,"cobblemon:ultra_ball":20},"minecraft:used":{"megamons:anistarite_rough_geode_block":1,"minecraft:flint_and_steel":5,"minecraft:decorated_pot":1,"minecraft:chest":11,"minecraft:spruce_planks":7,"minecraft:shield":21,"minecraft:cooked_chicken":1,"minecraft:cooked_salmon":8,"minecraft:netherrack":146,"minecraft:torch":167,"minecraft:dirt":4,"minecraft:spruce_stairs":1,"minecraft:oak_wood":3,"minecraft:diamond_helmet":2,"minecraft:tuff":8,"minecraft:snowball":16,"minecraft:obsidian":14,"minecraft:jungle_sapling":1,"minecraft:iron_axe":121,"minecraft:spruce_button":1,"cobblemon:pc":1,"minecraft:beef":2,"minecraft:furnace":6,"minecraft:cooked_beef":16,"minecraft:cobbled_deepslate":228,"minecraft:brown_bed":5,"minecraft:golden_boots":1,"minecraft:water_bucket":10,"minecraft:stone_pickaxe":107,"minecraft:oak_planks":18,"minecraft:wooden_pickaxe":3,"minecraft:glow_berries":7,"minecraft:rail":1,"minecraft:crafting_table":4,"minecraft:red_bed":2,"megamons:anistarite_geode_block":7,"minecraft:dripstone_block":2,"cobblemon:healing_machine":1,"minecraft:diamond_pickaxe":99,"minecraft:apple":38,"minecraft:bread":2,"minecraft:iron_pickaxe":1047,"minecraft:chicken":1,"minecraft:melon_slice":23,"minecraft:stone_axe":87,"minecraft:cobblestone":104,"minecraft:cooked_porkchop":3,"minecraft:porkchop":6,"minecraft:bucket":11,"minecraft:diamond_leggings":1}},"DataVersion":3465}