{"stats":{"minecraft:dropped":{"cobblemon:pinap_berry":16,"minecraft:moss_block":4,"minecraft:cooked_beef":2,"minecraft:glow_ink_sac":3,"cobblemon:blue_apricorn":4,"cobblemon:sun_stone":1,"minecraft:cooked_porkchop":2,"cobblemon:thunder_stone":1,"minecraft:warped_roots":2,"cobblemon:persim_berry":1,"minecraft:leather":6,"minecraft:jungle_planks":1,"cobblemon:moon_stone":2,"megamons:raw_gyaradosite":1,"cobblemon:dusk_stone":3,"minecraft:dirt":15,"cobblemon:dawn_stone":5,"cobblemon:white_apricorn":2,"cobblemon:blue_apricorn_seed":1,"cobblemon:red_apricorn":10,"cobblemon:ultra_ball":2,"minecraft:gravel":17,"minecraft:blackstone":27,"minecraft:cobbled_deepslate":197,"minecraft:rotten_flesh":12,"minecraft:light_gray_carpet":1,"cobblemon:aspear_berry":2,"minecraft:azalea":2,"minecraft:arrow":2,"minecraft:quartz":4,"minecraft:netherrack":42,"minecraft:bread":1,"megamons:cut_glalitite":1,"minecraft:wheat_seeds":11,"minecraft:dripstone_block":2,"minecraft:cobblestone":97,"minecraft:amethyst_block":7,"cobblemon:water_stone":2,"cobblemon:shiny_stone":1,"cobblemon:sticky_barb":1,"cobblemon:oran_berry":30,"minecraft:stick":4,"cobblemon:pink_apricorn":3,"minecraft:torch":17,"minecraft:melon_slice":4,"cobblemon:ice_stone":3,"cobblemon:leaf_stone":3,"minecraft:string":2,"minecraft:spruce_sapling":1,"minecraft:smooth_basalt":3,"minecraft:tuff":65,"minecraft:white_carpet":1,"cobblemon:yellow_apricorn":5,"minecraft:clay_ball":4,"megamons:anistarite_geode_block":20,"minecraft:big_dripleaf":2,"minecraft:shield":2,"minecraft:blue_ice":3,"minecraft:stone_pickaxe":1,"minecraft:wooden_pickaxe":1,"minecraft:calcite":2},"minecraft:mined":{"minecraft:large_amethyst_bud":1,"cobblemon:dawn_stone_ore":1,"cobblemon:big_root":8,"megamons:crystal_shiny_stone_ore":1,"minecraft:obsidian":16,"minecraft:cave_vines_plant":24,"minecraft:grass_block":11,"minecraft:jungle_log":43,"megamons:crystal_fire_stone_ore":2,"megamons:crystal_dusk_stone_ore":3,"minecraft:spawner":1,"cobblemon:ice_stone_ore":2,"megamons:gyaradosite_crystal_ore":1,"minecraft:magma_block":3,"minecraft:raw_iron_block":1,"minecraft:fire":92,"minecraft:cobbled_deepslate":19,"minecraft:iron_ore":13,"minecraft:deepslate_lapis_ore":15,"minecraft:brown_bed":5,"minecraft:pointed_dripstone":13,"minecraft:cave_vines":22,"megamons:crystal_ice_stone_ore":1,"minecraft:blue_orchid":1,"minecraft:deepslate_redstone_ore":8,"megamons:anistarite_geode_block":304,"minecraft:blackstone":1535,"minecraft:red_bed":2,"minecraft:smoker":1,"cobblemon:revival_herb":1,"minecraft:amethyst_cluster":3,"minecraft:powder_snow":1,"minecraft:clay":16,"minecraft:torch":3,"minecraft:calcite":4,"minecraft:melon":6,"minecraft:chest":1,"minecraft:dead_bush":1,"minecraft:nether_quartz_ore":4,"cobblemon:pinap_berry":3,"minecraft:cobblestone":15,"megamons:crystal_moon_stone_ore":3,"minecraft:sugar_cane":16,"minecraft:oak_planks":28,"minecraft:wall_torch":6,"minecraft:amethyst_block":7,"minecraft:deepslate_copper_ore":8,"minecraft:mud":9,"cobblemon:persim_berry":3,"minecraft:grass":49,"minecraft:oak_log":2,"minecraft:sand":3,"minecraft:dirt":32,"minecraft:smooth_basalt":19,"minecraft:netherrack":352,"minecraft:oak_leaves":25,"minecraft:deepslate":1564,"minecraft:tuff":178,"minecraft:deepslate_diamond_ore":56,"minecraft:nether_bricks":1,"minecraft:decorated_pot":19,"minecraft:jungle_planks":1,"megamons:crystal_water_stone_ore":3,"minecraft:spruce_leaves":11,"minecraft:moss_block":14,"minecraft:furnace":4,"megamons:glalitite_crystal_ore":1,"minecraft:big_dripleaf_stem":1,"minecraft:gold_block":2,"minecraft:potatoes":7,"minecraft:deepslate_iron_ore":35,"minecraft:vine":5,"minecraft:rail":2,"minecraft:stripped_jungle_log":1,"minecraft:packed_ice":36,"megamons:blastoisinite_crystal_ore":1,"minecraft:stone":382,"megamons:crystal_thunder_stone_ore":2,"megamons:crystal_leaf_stone_ore":4,"megamons:anistarite_rough_geode_block":72,"minecraft:light_gray_carpet":1,"minecraft:acacia_leaves":7,"minecraft:flowering_azalea":1,"cobblemon:chople_berry":1,"minecraft:crafting_table":3,"minecraft:oak_wood":12,"minecraft:warped_roots":5,"minecraft:tall_grass":19,"minecraft:copper_ore":42,"minecraft:deepslate_gold_ore":72,"cobblemon:oran_berry":7,"cobblemon:relic_coin_pouch":1,"minecraft:spruce_stairs":1,"minecraft:ice":3,"minecraft:white_carpet":2,"minecraft:spruce_log":19,"megamons:crystal_dawn_stone_ore":3,"minecraft:coal_ore":132,"megamons:crystal_sun_stone_ore":4,"minecraft:dripstone_block":19,"minecraft:gravel":41,"minecraft:small_dripleaf":1,"minecraft:fern":6},"minecraft:picked_up":{"cobblemon:leaf_stone":3,"cobblemon:red_apricorn":10,"minecraft:brown_bed":5,"minecraft:enchanted_book":3,"minecraft:amethyst_block":7,"minecraft:string":4,"minecraft:raw_copper":150,"minecraft:cooked_salmon":8,"minecraft:diamond_leggings":1,"minecraft:cobbled_deepslate":535,"minecraft:spruce_planks":5,"cobblemon:oran_berry":45,"minecraft:calcite":2,"minecraft:azalea":3,"minecraft:iron_pickaxe":1,"cobblemon:big_root":8,"cobblemon:quick_ball":3,"minecraft:melon_slice":27,"minecraft:furnace":5,"minecraft:stick":8,"minecraft:big_dripleaf":3,"minecraft:torch":7,"minecraft:spruce_stairs":1,"minecraft:snow_block":6,"minecraft:porkchop":6,"minecraft:pointed_dripstone":18,"minecraft:rotten_flesh":12,"minecraft:blaze_rod":6,"minecraft:obsidian":16,"minecraft:snowball":22,"minecraft:cobblestone":228,"minecraft:cooked_beef":13,"cobblemon:ultra_ball":15,"minecraft:magma_cream":1,"minecraft:jungle_log":43,"cobblemon:pinap_berry":16,"minecraft:smoker":1,"minecraft:potato":29,"minecraft:flint":1,"minecraft:tuff":93,"minecraft:lapis_lazuli":39,"megamons:anistarite_geode_block":173,"minecraft:dirt":41,"minecraft:bone":5,"minecraft:wheat_seeds":19,"minecraft:raw_gold":70,"cobblemon:thunder_stone":1,"minecraft:diamond_helmet":1,"cobblemon:moon_stone":2,"minecraft:moss_block":9,"minecraft:oak_planks":22,"minecraft:ghast_tear":1,"cobblemon:sun_stone":1,"minecraft:cooked_porkchop":3,"patchouli:guide_book":2,"cobblemon:shiny_stone":1,"minecraft:sand":3,"minecraft:jungle_planks":1,"cobblemon:persim_berry":10,"cobblemon:aspear_berry":2,"megamons:anistarite_rough_geode_block":66,"minecraft:clay":1,"minecraft:diamond":60,"minecraft:blue_ice":3,"cobblemon:ice_stone":3,"minecraft:oak_sapling":4,"minecraft:light_gray_carpet":2,"minecraft:netherrack":360,"minecraft:crafting_table":2,"minecraft:chicken":2,"minecraft:clay_ball":85,"cobblemon:yellow_apricorn":5,"minecraft:gold_block":2,"minecraft:brick":15,"minecraft:shield":2,"minecraft:red_bed":2,"minecraft:moss_carpet":4,"minecraft:white_carpet":1,"cobblemon:white_apricorn":2,"minecraft:blackstone":252,"minecraft:deepslate_diamond_ore":2,"minecraft:beef":8,"cobblemon:relic_coin":49,"minecraft:jungle_sapling":1,"cobblemon:dusk_stone":4,"minecraft:sugar_cane":52,"megamons:raw_blastoisinite":1,"minecraft:raw_iron":19,"cobblemon:rawst_berry":1,"megamons:raw_glalitite":1,"minecraft:redstone":8,"cobblemon:berry_juice":13,"cobblemon:dawn_stone":6,"minecraft:arrow":3,"minecraft:decorated_pot":3,"minecraft:nether_bricks":1,"cobblemon:revive":1,"minecraft:glow_berries":17,"cobblemon:blue_apricorn":7,"minecraft:rail":1,"minecraft:glow_ink_sac":3,"minecraft:leather":7,"minecraft:oak_log":2,"megamons:cut_glalitite":1,"cobblemon:heal_ball":7,"minecraft:cooked_chicken":1,"cobblemon:nest_ball":6,"minecraft:acacia_sapling":1,"minecraft:smooth_basalt":3,"minecraft:quartz":4,"cobblemon:blue_apricorn_seed":1,"minecraft:dripstone_block":20,"minecraft:gravel":17,"cobblemon:premier_ball":2,"minecraft:amethyst_shard":12,"minecraft:spruce_sapling":1,"cobblemon:pink_apricorn":3,"minecraft:spruce_log":19,"megamons:raw_gyaradosite":1,"minecraft:stripped_jungle_log":1,"minecraft:oak_wood":11,"cobblemon:sticky_barb":2,"minecraft:warped_roots":6,"cobblemon:water_stone":2,"minecraft:warped_nylium":2,"minecraft:coal":231,"minecraft:ender_pearl":6},"minecraft:killed":{"minecraft:cave_spider":1,"minecraft:witch":1,"minecraft:spider":3,"minecraft:skeleton":6,"minecraft:piglin":2,"minecraft:pig":1,"minecraft:creeper":2,"minecraft:zombie":11,"minecraft:ghast":2,"minecraft:cow":2,"minecraft:blaze":4,"cobblemon:pokemon":7,"minecraft:hoglin":2,"minecraft:wither_skeleton":3,"minecraft:enderman":4},"minecraft:broken":{"minecraft:golden_boots":1,"minecraft:diamond_pickaxe":2,"minecraft:stone_axe":1,"minecraft:flint_and_steel":1,"minecraft:iron_axe":1,"minecraft:iron_pickaxe":5},"minecraft:custom":{"minecraft:interact_with_crafting_table":35,"minecraft:open_barrel":2,"minecraft:leave_game":3,"minecraft:time_since_death":481771,"minecraft:sprint_one_cm":1023212,"minecraft:damage_blocked_by_shield":2640,"minecraft:drop":117,"minecraft:talked_to_villager":5,"minecraft:play_time":497251,"minecraft:deaths":1,"minecraft:jump":10050,"minecraft:interact_with_brewingstand":1,"minecraft:walk_on_water_one_cm":60689,"minecraft:interact_with_furnace":92,"minecraft:interact_with_loom":6,"minecraft:sleep_in_bed":22,"minecraft:damage_dealt":10879,"minecraft:crouch_one_cm":137051,"minecraft:mob_kills":53,"minecraft:climb_one_cm":14406,"minecraft:walk_one_cm":777954,"minecraft:sneak_time":44949,"minecraft:walk_under_water_one_cm":9941,"minecraft:interact_with_blast_furnace":1,"minecraft:total_world_time":497251,"minecraft:interact_with_stonecutter":4,"minecraft:time_since_rest":125013,"minecraft:damage_taken":3799,"minecraft:swim_one_cm":34540,"minecraft:fly_one_cm":1875688,"minecraft:open_chest":126,"minecraft:fall_one_cm":300925},"minecraft:crafted":{"minecraft:smooth_stone":2,"minecraft:oak_planks":40,"minecraft:stone":2,"minecraft:glass":1,"minecraft:chest":11,"cobblemon:azure_ball":8,"minecraft:cooked_porkchop":9,"minecraft:crafting_table":2,"minecraft:spruce_planks":76,"minecraft:wooden_pickaxe":1,"minecraft:baked_potato":9,"minecraft:copper_ingot":19,"cobblemon:quick_ball":12,"cobblemon:healing_machine":1,"minecraft:diamond_pickaxe":3,"minecraft:shield":1,"minecraft:stick":60,"minecraft:iron_ingot":54,"minecraft:iron_pickaxe":3,"minecraft:gold_ingot":70,"minecraft:spruce_button":1,"minecraft:furnace":2,"minecraft:bone_meal":9,"minecraft:diamond":2,"minecraft:iron_axe":1,"minecraft:stone_pickaxe":1,"minecraft:cooked_beef":6,"cobblemon:pc":1,"minecraft:bucket":1,"minecraft:stone_axe":1,"minecraft:air":0,"minecraft:jungle_planks":176,"minecraft:torch":152,"cobblemon:ultra_ball":40},"minecraft:used":{"minecraft:moss_block":5,"minecraft:moss_carpet":4,"megamons:anistarite_rough_geode_block":1,"minecraft:decorated_pot":1,"minecraft:chest":11,"minecraft:shield":46,"minecraft:nether_bricks":1,"minecraft:acacia_sapling":1,"minecraft:tuff":28,"minecraft:axolotl_bucket":1,"minecraft:snowball":16,"minecraft:big_dripleaf":1,"minecraft:obsidian":14,"minecraft:jungle_sapling":1,"minecraft:furnace":7,"minecraft:potato":38,"minecraft:golden_boots":1,"minecraft:stone_pickaxe":107,"minecraft:oak_planks":19,"minecraft:blackstone":96,"minecraft:ender_pearl":1,"minecraft:wooden_pickaxe":3,"minecraft:clay":1,"minecraft:glow_berries":17,"minecraft:golden_hoe":17,"megamons:anistarite_geode_block":93,"minecraft:dripstone_block":2,"minecraft:melon_slice":23,"minecraft:bread":2,"minecraft:bone_meal":9,"minecraft:flint_and_steel":64,"minecraft:spruce_planks":7,"minecraft:cooked_salmon":8,"minecraft:cooked_chicken":1,"minecraft:netherrack":277,"minecraft:torch":167,"minecraft:dirt":6,"minecraft:spruce_stairs":1,"minecraft:diamond_helmet":2,"minecraft:oak_wood":3,"minecraft:iron_axe":190,"minecraft:spruce_button":1,"cobblemon:pc":1,"minecraft:beef":2,"minecraft:cooked_beef":20,"minecraft:cobbled_deepslate":290,"minecraft:brown_bed":5,"minecraft:water_bucket":24,"minecraft:baked_potato":9,"minecraft:warped_roots":4,"minecraft:rail":1,"minecraft:crafting_table":4,"minecraft:red_bed":2,"cobblemon:healing_machine":1,"minecraft:diamond_pickaxe":3419,"minecraft:apple":38,"minecraft:chicken":2,"minecraft:iron_pickaxe":1471,"minecraft:stone_axe":87,"minecraft:cobblestone":104,"minecraft:porkchop":6,"minecraft:cooked_porkchop":10,"minecraft:bucket":26,"minecraft:diamond_leggings":1}},"DataVersion":3465}