{"stats":{"minecraft:mined":{"minecraft:large_amethyst_bud":1,"minecraft:tuff":25,"minecraft:deepslate_diamond_ore":22,"cobblemon:dawn_stone_ore":1,"cobblemon:big_root":8,"megamons:crystal_shiny_stone_ore":1,"minecraft:cave_vines_plant":23,"minecraft:grass_block":8,"minecraft:decorated_pot":6,"megamons:crystal_water_stone_ore":1,"megamons:crystal_fire_stone_ore":1,"minecraft:spruce_leaves":11,"minecraft:moss_block":5,"minecraft:spawner":1,"cobblemon:ice_stone_ore":2,"minecraft:furnace":4,"minecraft:cobbled_deepslate":14,"minecraft:iron_ore":13,"minecraft:fire":1,"minecraft:deepslate_lapis_ore":8,"minecraft:brown_bed":5,"minecraft:pointed_dripstone":3,"minecraft:cave_vines":22,"minecraft:deepslate_iron_ore":20,"minecraft:rail":1,"megamons:crystal_ice_stone_ore":1,"minecraft:packed_ice":36,"minecraft:blue_orchid":1,"minecraft:stone":251,"megamons:crystal_thunder_stone_ore":1,"megamons:anistarite_rough_geode_block":10,"minecraft:deepslate_redstone_ore":2,"minecraft:light_gray_carpet":1,"minecraft:flowering_azalea":1,"cobblemon:chople_berry":1,"megamons:anistarite_geode_block":58,"minecraft:smoker":1,"cobblemon:revival_herb":1,"minecraft:amethyst_cluster":3,"minecraft:powder_snow":1,"minecraft:clay":1,"minecraft:crafting_table":3,"minecraft:torch":3,"minecraft:calcite":4,"minecraft:melon":6,"minecraft:copper_ore":42,"minecraft:tall_grass":5,"minecraft:cobblestone":13,"megamons:crystal_moon_stone_ore":1,"minecraft:deepslate_gold_ore":49,"minecraft:sugar_cane":16,"cobblemon:oran_berry":6,"minecraft:wall_torch":5,"minecraft:amethyst_block":7,"minecraft:deepslate_copper_ore":8,"minecraft:mud":9,"minecraft:ice":3,"minecraft:spruce_log":19,"minecraft:white_carpet":2,"cobblemon:persim_berry":3,"minecraft:grass":21,"minecraft:coal_ore":132,"minecraft:dripstone_block":2,"minecraft:gravel":18,"minecraft:dirt":13,"minecraft:smooth_basalt":3,"minecraft:small_dripleaf":1,"minecraft:netherrack":1,"minecraft:deepslate":327,"minecraft:fern":2},"minecraft:killed":{"minecraft:spider":2,"minecraft:skeleton":3,"cobblemon:pokemon":5,"minecraft:creeper":1,"minecraft:zombie":4,"minecraft:enderman":1,"minecraft:cow":2},"minecraft:used":{"megamons:anistarite_rough_geode_block":1,"minecraft:spruce_planks":7,"minecraft:shield":13,"minecraft:cooked_salmon":8,"minecraft:torch":166,"minecraft:dirt":4,"minecraft:diamond_helmet":2,"minecraft:tuff":8,"minecraft:snowball":16,"minecraft:spruce_button":1,"minecraft:beef":2,"minecraft:furnace":4,"minecraft:cooked_beef":10,"minecraft:cobbled_deepslate":190,"minecraft:brown_bed":5,"minecraft:stone_pickaxe":107,"minecraft:oak_planks":1,"minecraft:wooden_pickaxe":3,"minecraft:glow_berries":7,"minecraft:rail":1,"minecraft:crafting_table":4,"megamons:anistarite_geode_block":7,"minecraft:dripstone_block":2,"minecraft:apple":7,"minecraft:melon_slice":5,"minecraft:chicken":1,"minecraft:bread":2,"minecraft:iron_pickaxe":965,"minecraft:stone_axe":87,"minecraft:cobblestone":101,"minecraft:diamond_leggings":1},"minecraft:broken":{"minecraft:stone_axe":1,"minecraft:iron_pickaxe":3},"minecraft:dropped":{"minecraft:bread":1,"minecraft:wheat_seeds":3,"minecraft:glow_ink_sac":3,"cobblemon:blue_apricorn":4,"minecraft:dripstone_block":2,"cobblemon:thunder_stone":1,"minecraft:amethyst_block":7,"minecraft:leather":6,"cobblemon:water_stone":1,"cobblemon:moon_stone":1,"cobblemon:shiny_stone":1,"cobblemon:oran_berry":30,"minecraft:stick":4,"cobblemon:pink_apricorn":3,"minecraft:dirt":15,"minecraft:torch":17,"cobblemon:white_apricorn":2,"cobblemon:ice_stone":3,"cobblemon:blue_apricorn_seed":1,"minecraft:string":2,"minecraft:spruce_sapling":1,"cobblemon:red_apricorn":10,"minecraft:smooth_basalt":3,"minecraft:gravel":8,"minecraft:cobbled_deepslate":1,"minecraft:white_carpet":1,"minecraft:rotten_flesh":3,"cobblemon:yellow_apricorn":5,"minecraft:clay_ball":4,"minecraft:light_gray_carpet":1,"megamons:anistarite_geode_block":20,"minecraft:shield":1,"cobblemon:aspear_berry":2,"minecraft:blue_ice":3,"minecraft:arrow":2,"minecraft:stone_pickaxe":1,"minecraft:wooden_pickaxe":1,"minecraft:calcite":2},"minecraft:crafted":{"minecraft:spruce_button":1,"minecraft:furnace":1,"minecraft:diamond":2,"minecraft:stone_pickaxe":1,"minecraft:cooked_beef":6,"minecraft:crafting_table":2,"minecraft:spruce_planks":76,"minecraft:wooden_pickaxe":1,"minecraft:stone_axe":1,"minecraft:air":0,"minecraft:shield":1,"minecraft:stick":60,"minecraft:iron_ingot":13,"minecraft:iron_pickaxe":3,"minecraft:torch":152},"minecraft:picked_up":{"minecraft:crafting_table":2,"minecraft:chicken":1,"minecraft:clay_ball":4,"cobblemon:yellow_apricorn":5,"cobblemon:red_apricorn":10,"minecraft:brown_bed":5,"minecraft:enchanted_book":3,"minecraft:shield":1,"minecraft:brick":15,"minecraft:amethyst_block":7,"minecraft:string":2,"minecraft:raw_copper":150,"minecraft:cooked_salmon":8,"cobblemon:white_apricorn":2,"minecraft:white_carpet":1,"minecraft:diamond_leggings":1,"minecraft:cobbled_deepslate":228,"minecraft:spruce_planks":5,"minecraft:deepslate_diamond_ore":2,"minecraft:beef":8,"cobblemon:oran_berry":30,"minecraft:calcite":2,"minecraft:azalea":1,"minecraft:iron_pickaxe":1,"cobblemon:big_root":8,"minecraft:melon_slice":24,"minecraft:sugar_cane":52,"minecraft:furnace":5,"minecraft:stick":2,"minecraft:raw_iron":11,"minecraft:torch":6,"minecraft:snow_block":6,"minecraft:redstone":8,"cobblemon:dawn_stone":3,"minecraft:arrow":2,"minecraft:rotten_flesh":3,"minecraft:decorated_pot":2,"minecraft:glow_berries":7,"minecraft:rail":1,"minecraft:snowball":22,"cobblemon:blue_apricorn":4,"minecraft:cobblestone":115,"minecraft:cooked_beef":4,"minecraft:glow_ink_sac":3,"minecraft:leather":6,"minecraft:smoker":1,"minecraft:flint":1,"minecraft:tuff":8,"megamons:anistarite_geode_block":27,"minecraft:lapis_lazuli":39,"minecraft:dirt":19,"cobblemon:heal_ball":7,"minecraft:bone":2,"minecraft:wheat_seeds":3,"minecraft:raw_gold":49,"cobblemon:thunder_stone":1,"minecraft:diamond_helmet":1,"cobblemon:moon_stone":1,"cobblemon:nest_ball":6,"minecraft:oak_planks":1,"minecraft:smooth_basalt":3,"patchouli:guide_book":2,"cobblemon:shiny_stone":1,"minecraft:dripstone_block":4,"cobblemon:blue_apricorn_seed":1,"minecraft:gravel":8,"minecraft:amethyst_shard":12,"cobblemon:persim_berry":8,"minecraft:spruce_sapling":1,"cobblemon:pink_apricorn":3,"minecraft:spruce_log":19,"cobblemon:aspear_berry":2,"megamons:anistarite_rough_geode_block":5,"minecraft:diamond":21,"minecraft:blue_ice":3,"cobblemon:ice_stone":3,"cobblemon:water_stone":1,"minecraft:light_gray_carpet":2,"minecraft:coal":229,"minecraft:ender_pearl":4},"minecraft:custom":{"minecraft:mob_kills":19,"minecraft:interact_with_crafting_table":11,"minecraft:open_barrel":1,"minecraft:leave_game":2,"minecraft:time_since_death":150595,"minecraft:climb_one_cm":5930,"minecraft:sprint_one_cm":365629,"minecraft:walk_one_cm":192985,"minecraft:damage_blocked_by_shield":1020,"minecraft:drop":50,"minecraft:play_time":166075,"minecraft:deaths":1,"minecraft:sneak_time":26110,"minecraft:walk_under_water_one_cm":8225,"minecraft:jump":3709,"minecraft:interact_with_brewingstand":1,"minecraft:walk_on_water_one_cm":22221,"minecraft:total_world_time":166075,"minecraft:interact_with_furnace":24,"minecraft:sleep_in_bed":7,"minecraft:time_since_rest":61273,"minecraft:damage_taken":1329,"minecraft:damage_dealt":3770,"minecraft:swim_one_cm":25292,"minecraft:fly_one_cm":711918,"minecraft:open_chest":7,"minecraft:crouch_one_cm":76959,"minecraft:fall_one_cm":95806}},"DataVersion":3465}