{"stats":{"minecraft:mined":{"minecraft:crafting_table":2,"minecraft:torch":1,"minecraft:grass_block":3,"minecraft:copper_ore":1,"minecraft:tall_grass":1,"minecraft:spruce_leaves":9,"minecraft:wall_torch":1,"minecraft:large_fern":6,"minecraft:furnace":2,"minecraft:iron_ore":10,"minecraft:blue_ice":2,"minecraft:ice":8,"minecraft:spruce_log":25,"minecraft:brown_bed":4,"minecraft:grass":22,"minecraft:coal_ore":33,"minecraft:dirt":15,"minecraft:packed_ice":1,"minecraft:stone":255},"minecraft:killed":{"minecraft:pig":4,"cobblemon:pokemon":3,"minecraft:salmon":2,"minecraft:spider":1,"minecraft:creeper":1,"minecraft:sheep":3,"minecraft:cow":5},"minecraft:used":{"minecraft:cooked_mutton":3,"minecraft:stone_pickaxe":299,"minecraft:wooden_pickaxe":5,"minecraft:cooked_salmon":2,"minecraft:torch":4,"minecraft:white_carpet":1,"minecraft:crafting_table":5,"minecraft:snowball":18,"minecraft:spruce_boat":2,"minecraft:stone_axe":61,"minecraft:cobblestone":34,"minecraft:furnace":3,"minecraft:cooked_porkchop":2,"minecraft:cooked_beef":5,"minecraft:brown_bed":3},"minecraft:broken":{"minecraft:stone_pickaxe":2},"minecraft:dropped":{"minecraft:stone_axe":2,"minecraft:cobblestone":8,"minecraft:cooked_salmon":8,"minecraft:spider_eye":1,"minecraft:wooden_pickaxe":1},"minecraft:picked_up":{"minecraft:crafting_table":2,"minecraft:salmon":2,"minecraft:brown_wool":2,"minecraft:leather":7,"cobblemon:red_apricorn":4,"minecraft:wooden_pickaxe":1,"minecraft:brown_bed":4,"minecraft:flint":1,"minecraft:gunpowder":1,"cobblemon:pink_apricorn_seed":1,"minecraft:dirt":18,"minecraft:string":1,"minecraft:raw_copper":2,"minecraft:cooked_salmon":3,"minecraft:cooked_mutton":1,"minecraft:white_carpet":1,"cobblemon:black_apricorn":1,"minecraft:wheat_seeds":6,"cobblemon:green_apricorn":1,"minecraft:beef":9,"minecraft:sugar_cane":2,"minecraft:furnace":2,"minecraft:raw_iron":10,"minecraft:cooked_porkchop":2,"minecraft:copper_ingot":1,"minecraft:torch":3,"minecraft:porkchop":11,"cobblemon:pink_apricorn":4,"minecraft:spruce_log":25,"minecraft:spider_eye":1,"minecraft:rotten_flesh":2,"cobblemon:poke_ball":2,"minecraft:spruce_boat":1,"minecraft:stone_axe":2,"minecraft:cobblestone":258,"minecraft:mutton":6,"minecraft:coal":60,"minecraft:snowball":18,"minecraft:white_wool":4},"minecraft:crafted":{"minecraft:cooked_beef":5,"minecraft:crafting_table":4,"minecraft:spruce_planks":44,"minecraft:wooden_pickaxe":1,"minecraft:furnace":2,"minecraft:cooked_salmon":7,"minecraft:stone_axe":1,"minecraft:cooked_mutton":2,"minecraft:air":0,"cobblemon:poke_ball":4,"minecraft:charcoal":3,"minecraft:stick":12,"minecraft:stone_pickaxe":3,"minecraft:spruce_boat":1,"minecraft:torch":8},"minecraft:custom":{"minecraft:interact_with_furnace":26,"minecraft:mob_kills":19,"minecraft:interact_with_crafting_table":11,"minecraft:open_barrel":1,"minecraft:time_since_death":86437,"minecraft:sleep_in_bed":6,"minecraft:climb_one_cm":299,"minecraft:time_since_rest":11888,"minecraft:sprint_one_cm":190516,"minecraft:damage_taken":550,"minecraft:walk_one_cm":189777,"minecraft:drop":20,"minecraft:damage_dealt":1970,"minecraft:swim_one_cm":27431,"minecraft:fly_one_cm":482967,"minecraft:crouch_one_cm":1831,"minecraft:play_time":86437,"minecraft:sneak_time":581,"minecraft:walk_under_water_one_cm":13842,"minecraft:boat_one_cm":32491,"minecraft:jump":1838,"minecraft:walk_on_water_one_cm":12799,"minecraft:total_world_time":86437,"minecraft:fall_one_cm":36721,"minecraft:horse_one_cm":3352}},"DataVersion":3465}