{"stats":{"minecraft:used":{"majruszsdifficulty:undead_battle_standard":1},"minecraft:custom":{"minecraft:time_since_rest":2262,"minecraft:sprint_one_cm":26653,"minecraft:play_time":41937,"minecraft:deaths":1,"minecraft:walk_one_cm":39462,"minecraft:sneak_time":218,"minecraft:walk_under_water_one_cm":764,"minecraft:mob_kills":1,"minecraft:drop":2,"minecraft:jump":234,"minecraft:damage_dealt":25,"minecraft:leave_game":3,"minecraft:walk_on_water_one_cm":262,"minecraft:time_since_death":2257,"minecraft:climb_one_cm":259,"minecraft:total_world_time":41937,"minecraft:swim_one_cm":2375,"minecraft:fall_one_cm":627,"minecraft:fly_one_cm":100048},"minecraft:mined":{"minecraft:grass":2,"minecraft:fern":1},"minecraft:picked_up":{"minecraft:bone":2,"minecraft:wheat_seeds":1,"minecraft:jungle_sapling":1},"minecraft:dropped":{"minecraft:jungle_sapling":1,"minecraft:wheat_seeds":1}},"DataVersion":2975}