{"stats":{"minecraft:used":{"minecraft:stone_pickaxe":105,"minecraft:iron_pickaxe":71,"minecraft:wooden_pickaxe":8,"minecraft:stone_axe":15,"minecraft:stick":1,"minecraft:torch":11,"minecraft:cobblestone":20,"minecraft:crafting_table":3,"minecraft:furnace":1,"alexsmobs:animal_dictionary":1},"minecraft:mined":{"excavated_variants:twigs_rhyolite_iron_ore":9,"minecraft:redstone_ore":3,"minecraft:furnace":1,"minecraft:iron_ore":18,"minecraft:glow_lichen":1,"minecraft:crafting_table":1,"minecraft:torch":9,"excavated_variants:tuff_iron_ore":3,"minecraft:oak_log":11,"supplementaries:stick":1,"minecraft:grass_block":3,"minecraft:coal_ore":20,"rocks:birch_stick":2,"minecraft:deepslate_iron_ore":12,"minecraft:dirt":5,"minecraft:cobblestone":2,"twigs:rhyolite":1,"excavated_variants:andesite_iron_ore":3,"minecraft:stone":81,"minecraft:diorite":6,"rocks:rock":1,"minecraft:deepslate":5,"minecraft:oak_leaves":4,"minecraft:wall_torch":2},"minecraft:picked_up":{"minecraft:crafting_table":1,"minecraft:stick":6,"minecraft:raw_iron":72,"minecraft:torch":11,"minecraft:oak_log":11,"minecraft:diorite":6,"minecraft:redstone":14,"minecraft:dirt":8,"minecraft:stone_axe":1,"minecraft:cobbled_deepslate":5,"minecraft:iron_ingot":6,"minecraft:oak_sapling":1,"twigs:rhyolite":1,"minecraft:coal":37,"rocks:cobblestone_splitter":1,"minecraft:cobblestone":82,"minecraft:furnace":1},"minecraft:custom":{"minecraft:time_since_rest":11208,"minecraft:interact_with_furnace":2,"minecraft:sprint_one_cm":41620,"minecraft:damage_taken":680,"minecraft:walk_one_cm":41932,"minecraft:mob_kills":2,"minecraft:drop":1,"minecraft:damage_dealt":531,"minecraft:interact_with_crafting_table":6,"minecraft:fly_one_cm":52470,"minecraft:play_time":27928,"minecraft:deaths":2,"minecraft:sneak_time":6,"minecraft:walk_under_water_one_cm":337,"minecraft:jump":416,"minecraft:time_since_death":11186,"minecraft:walk_on_water_one_cm":851,"minecraft:total_world_time":27928,"minecraft:fall_one_cm":17853},"minecraft:crafted":{"minecraft:shield":1,"minecraft:crafting_table":2,"minecraft:stick":8,"minecraft:iron_pickaxe":1,"minecraft:iron_ingot":7,"minecraft:oak_pressure_plate":1,"minecraft:wooden_pickaxe":2,"minecraft:stone_pickaxe":1,"minecraft:wooden_axe":1,"minecraft:furnace":1,"minecraft:torch":4,"minecraft:stone_axe":1,"minecraft:air":49},"minecraft:killed_by":{"minecraft:skeleton":1},"minecraft:dropped":{"minecraft:stone_axe":1},"minecraft:killed":{"minecraft:zombie":2}},"DataVersion":2975}