{"stats":{"minecraft:killed":{"minecraft:pig":2,"minecraft:salmon":5,"minecraft:skeleton":1,"minecraft:sheep":12,"minecraft:zombie":1,"minecraft:chicken":3,"minecraft:cow":7},"minecraft:killed_by":{"minecraft:creeper":1},"minecraft:picked_up":{"minecraft:mud":14,"minecraft:crafting_table":3,"minecraft:feather":2,"cobblemon:great_ball":4,"minecraft:chicken":4,"minecraft:salmon":12,"minecraft:brown_wool":3,"minecraft:leather":8,"cobblemon:razz_berry":3,"cobblemon:wepear_berry":23,"minecraft:dirt":157,"minecraft:raw_copper":24,"minecraft:wooden_sword":2,"minecraft:wheat_seeds":30,"cobblemon:black_apricorn":6,"minecraft:spruce_planks":26,"minecraft:beef":34,"cobblemon:oran_berry":13,"minecraft:iron_nugget":2,"cobblemon:big_root":1,"minecraft:light_gray_wool":2,"minecraft:mangrove_planks":1,"minecraft:mangrove_log":6,"minecraft:furnace":1,"minecraft:black_candle":1,"minecraft:raw_iron":9,"minecraft:stick":3,"cobblemon:babiri_berry":5,"minecraft:sweet_berries":13,"patchouli:guide_book":2,"minecraft:torch":11,"cobblemon:cheri_berry":10,"minecraft:porkchop":12,"cobblemon:persim_berry":44,"cobblemon:pink_apricorn":9,"minecraft:white_bed":11,"minecraft:spruce_log":9,"cobblemon:aspear_berry":3,"minecraft:spider_eye":1,"minecraft:arrow":2,"minecraft:honey_bottle":4,"minecraft:rotten_flesh":3,"minecraft:iron_helmet":1,"minecraft:bread":1,"cobblemon:medicinal_leek":11,"minecraft:mutton":29,"minecraft:coal":38,"minecraft:white_wool":18,"minecraft:cobblestone":19},"minecraft:broken":{"minecraft:wooden_sword":1,"minecraft:stone_shovel":1},"minecraft:mined":{"minecraft:white_bed":10,"minecraft:powder_snow":31,"minecraft:crafting_table":3,"minecraft:torch":4,"cobblemon:apricorn_leaves":1,"minecraft:grass_block":131,"minecraft:brown_wool":1,"cobblemon:wepear_berry":4,"minecraft:tall_grass":46,"minecraft:copper_ore":8,"minecraft:cobblestone":11,"minecraft:spruce_leaves":4,"minecraft:wall_torch":7,"minecraft:large_fern":1,"minecraft:furnace":1,"minecraft:mud":7,"minecraft:iron_ore":9,"minecraft:ice":12,"cobblemon:razz_berry":1,"minecraft:blue_ice":1,"minecraft:spruce_log":9,"cobblemon:medicinal_leek":6,"minecraft:grass":122,"minecraft:coal_ore":38,"minecraft:dirt":10,"minecraft:mangrove_log":6,"cobblemon:babiri_berry":4,"minecraft:stone":8,"minecraft:oak_leaves":1},"minecraft:used":{"minecraft:cooked_mutton":10,"minecraft:stone_shovel":166,"minecraft:stone_pickaxe":53,"minecraft:mangrove_planks":1,"minecraft:spruce_planks":52,"minecraft:wooden_pickaxe":23,"minecraft:torch":24,"minecraft:dirt":70,"minecraft:crafting_table":7,"minecraft:white_bed":12,"minecraft:mud":7,"minecraft:grass_block":66,"minecraft:bread":5,"minecraft:brown_wool":2,"minecraft:iron_helmet":1,"minecraft:stone_axe":18,"minecraft:wooden_sword":75,"minecraft:cobblestone":62,"minecraft:sweet_berries":11,"minecraft:furnace":1,"minecraft:black_candle":1},"minecraft:custom":{"minecraft:interact_with_furnace":8,"minecraft:mob_kills":31,"minecraft:interact_with_crafting_table":9,"minecraft:open_barrel":15,"minecraft:eat_cake_slice":3,"minecraft:time_since_death":95371,"minecraft:sleep_in_bed":12,"minecraft:climb_one_cm":3562,"minecraft:time_since_rest":1002,"minecraft:sprint_one_cm":310260,"minecraft:damage_taken":1150,"minecraft:walk_one_cm":382786,"minecraft:drop":34,"minecraft:damage_dealt":2363,"minecraft:swim_one_cm":68518,"minecraft:fly_one_cm":520481,"minecraft:open_chest":5,"minecraft:crouch_one_cm":1012,"minecraft:play_time":137683,"minecraft:deaths":2,"minecraft:sneak_time":585,"minecraft:walk_under_water_one_cm":21949,"minecraft:jump":2343,"minecraft:walk_on_water_one_cm":10715,"minecraft:total_world_time":137683,"minecraft:fall_one_cm":62913},"minecraft:dropped":{"minecraft:porkchop":2,"minecraft:wheat_seeds":18,"minecraft:iron_nugget":2,"cobblemon:red_apricorn_seed":1,"minecraft:chicken":4,"minecraft:feather":2,"minecraft:rotten_flesh":3,"minecraft:leather":4,"minecraft:dirt":24,"minecraft:mutton":6,"minecraft:arrow":2,"cobblemon:great_ball":2},"minecraft:crafted":{"minecraft:wooden_sword":2,"minecraft:crafting_table":4,"minecraft:spruce_planks":120,"minecraft:wooden_pickaxe":1,"minecraft:furnace":1,"minecraft:copper_ingot":10,"minecraft:mangrove_planks":24,"minecraft:stone_axe":1,"minecraft:cooked_mutton":12,"minecraft:air":0,"minecraft:stick":12,"minecraft:stone_pickaxe":1,"minecraft:white_bed":2,"minecraft:torch":12}},"DataVersion":3465}