{"stats":{"minecraft:killed":{"minecraft:pig":2,"minecraft:salmon":5,"minecraft:sheep":12,"minecraft:zombie":1,"minecraft:chicken":3,"minecraft:cow":7},"minecraft:killed_by":{"minecraft:creeper":1},"minecraft:picked_up":{"minecraft:mud":14,"minecraft:crafting_table":3,"minecraft:feather":2,"minecraft:chicken":4,"minecraft:salmon":12,"minecraft:brown_wool":3,"minecraft:leather":8,"minecraft:dirt":13,"minecraft:raw_copper":17,"minecraft:wooden_sword":2,"cobblemon:black_apricorn":3,"minecraft:spruce_planks":26,"minecraft:beef":34,"cobblemon:oran_berry":4,"minecraft:light_gray_wool":2,"minecraft:mangrove_log":6,"minecraft:furnace":1,"minecraft:raw_iron":9,"minecraft:stick":3,"cobblemon:babiri_berry":5,"minecraft:sweet_berries":13,"patchouli:guide_book":2,"minecraft:torch":3,"minecraft:porkchop":9,"cobblemon:persim_berry":44,"minecraft:white_bed":6,"minecraft:spruce_log":9,"cobblemon:aspear_berry":3,"minecraft:spider_eye":1,"minecraft:honey_bottle":1,"minecraft:rotten_flesh":2,"minecraft:iron_helmet":1,"minecraft:bread":1,"cobblemon:medicinal_leek":11,"minecraft:mutton":27,"minecraft:coal":38,"minecraft:white_wool":18,"minecraft:cobblestone":19},"minecraft:broken":{"minecraft:wooden_sword":1},"minecraft:mined":{"minecraft:white_bed":5,"minecraft:powder_snow":5,"minecraft:crafting_table":3,"cobblemon:apricorn_leaves":1,"minecraft:grass_block":1,"minecraft:brown_wool":1,"minecraft:tall_grass":1,"minecraft:copper_ore":6,"minecraft:cobblestone":11,"minecraft:spruce_leaves":4,"minecraft:wall_torch":3,"minecraft:large_fern":1,"minecraft:furnace":1,"minecraft:mud":7,"minecraft:iron_ore":9,"minecraft:ice":12,"cobblemon:razz_berry":1,"minecraft:blue_ice":1,"minecraft:spruce_log":9,"cobblemon:medicinal_leek":6,"minecraft:grass":6,"minecraft:coal_ore":38,"minecraft:dirt":2,"minecraft:mangrove_log":6,"cobblemon:babiri_berry":4,"minecraft:stone":8,"minecraft:oak_leaves":1},"minecraft:used":{"minecraft:cooked_mutton":2,"minecraft:stone_pickaxe":51,"minecraft:wooden_pickaxe":23,"minecraft:torch":3,"minecraft:dirt":3,"minecraft:crafting_table":6,"minecraft:white_bed":6,"minecraft:mud":7,"minecraft:bread":1,"minecraft:brown_wool":2,"minecraft:iron_helmet":1,"minecraft:stone_axe":18,"minecraft:wooden_sword":65,"minecraft:sweet_berries":11,"minecraft:furnace":1},"minecraft:custom":{"minecraft:interact_with_furnace":8,"minecraft:mob_kills":30,"minecraft:interact_with_crafting_table":9,"minecraft:open_barrel":14,"minecraft:time_since_death":35371,"minecraft:sleep_in_bed":7,"minecraft:climb_one_cm":2150,"minecraft:time_since_rest":2523,"minecraft:sprint_one_cm":165110,"minecraft:damage_taken":680,"minecraft:walk_one_cm":216448,"minecraft:drop":3,"minecraft:damage_dealt":2333,"minecraft:swim_one_cm":41627,"minecraft:fly_one_cm":296668,"minecraft:open_chest":2,"minecraft:crouch_one_cm":83,"minecraft:play_time":77683,"minecraft:deaths":2,"minecraft:sneak_time":141,"minecraft:walk_under_water_one_cm":13137,"minecraft:jump":1242,"minecraft:walk_on_water_one_cm":8764,"minecraft:total_world_time":77683,"minecraft:fall_one_cm":26309},"minecraft:dropped":{"minecraft:feather":2,"minecraft:rotten_flesh":2},"minecraft:crafted":{"minecraft:wooden_sword":2,"minecraft:crafting_table":4,"minecraft:spruce_planks":32,"minecraft:wooden_pickaxe":1,"minecraft:furnace":1,"minecraft:copper_ingot":10,"minecraft:mangrove_planks":24,"minecraft:stone_axe":1,"minecraft:cooked_mutton":12,"minecraft:air":0,"minecraft:stick":12,"minecraft:stone_pickaxe":1,"minecraft:white_bed":2,"minecraft:torch":12}},"DataVersion":3465}