{"stats":{"minecraft:killed":{"minecraft:sheep":7,"minecraft:pig":1,"minecraft:zombie":1,"minecraft:salmon":4,"minecraft:cow":7},"minecraft:picked_up":{"minecraft:mud":14,"minecraft:stick":2,"minecraft:sweet_berries":12,"minecraft:salmon":7,"patchouli:guide_book":1,"minecraft:leather":4,"minecraft:brown_wool":2,"minecraft:porkchop":4,"cobblemon:persim_berry":20,"minecraft:white_bed":4,"minecraft:spruce_log":9,"minecraft:dirt":3,"minecraft:wooden_sword":1,"minecraft:iron_helmet":1,"minecraft:beef":17,"cobblemon:oran_berry":4,"minecraft:bread":1,"minecraft:light_gray_wool":1,"minecraft:mutton":10,"minecraft:mangrove_log":6,"minecraft:white_wool":6},"minecraft:broken":{"minecraft:wooden_sword":1},"minecraft:mined":{"minecraft:white_bed":3,"minecraft:mud":7,"minecraft:blue_ice":1,"cobblemon:razz_berry":1,"minecraft:ice":12,"minecraft:spruce_log":9,"minecraft:powder_snow":1,"minecraft:grass":4,"minecraft:grass_block":1,"minecraft:brown_wool":1,"minecraft:dirt":2,"minecraft:mangrove_log":6,"minecraft:spruce_leaves":3},"minecraft:used":{"minecraft:mud":7,"minecraft:bread":1,"minecraft:brown_wool":1,"minecraft:iron_helmet":1,"minecraft:wooden_sword":54,"minecraft:dirt":3,"minecraft:sweet_berries":11,"minecraft:crafting_table":2,"minecraft:white_bed":2},"minecraft:custom":{"minecraft:time_since_rest":13838,"minecraft:sprint_one_cm":94638,"minecraft:damage_taken":390,"minecraft:walk_one_cm":144339,"minecraft:mob_kills":20,"minecraft:damage_dealt":1683,"minecraft:swim_one_cm":7558,"minecraft:interact_with_crafting_table":2,"minecraft:fly_one_cm":212975,"minecraft:open_barrel":2,"minecraft:crouch_one_cm":83,"minecraft:play_time":41683,"minecraft:deaths":1,"minecraft:sneak_time":46,"minecraft:walk_under_water_one_cm":10609,"minecraft:jump":810,"minecraft:walk_on_water_one_cm":2864,"minecraft:time_since_death":22247,"minecraft:sleep_in_bed":2,"minecraft:climb_one_cm":95,"minecraft:total_world_time":41683,"minecraft:fall_one_cm":14494},"minecraft:crafted":{"minecraft:wooden_sword":2,"minecraft:crafting_table":2,"minecraft:spruce_planks":32,"minecraft:stick":4,"minecraft:mangrove_planks":24}},"DataVersion":3465}