{"stats":{"minecraft:custom":{"minecraft:jump":67,"minecraft:time_since_rest":29918,"minecraft:walk_one_cm":11284,"minecraft:leave_game":5,"minecraft:play_time":29918,"minecraft:sprint_one_cm":5831,"minecraft:time_since_death":29918,"minecraft:walk_on_water_one_cm":327,"minecraft:total_world_time":29918,"minecraft:fall_one_cm":476,"minecraft:drop":2,"minecraft:fly_one_cm":15203},"minecraft:picked_up":{"minecraft:rose_bush":1,"minecraft:moss_carpet":7},"minecraft:dropped":{"minecraft:moss_carpet":7,"minecraft:rose_bush":1},"minecraft:mined":{"minecraft:tall_grass":1}},"DataVersion":3465}