{"stats":{"minecraft:used":{"farmersdelight:rope":4,"minecraft:oak_log":104,"minecraft:stone_sword":19,"minecraft:lantern":13,"minecraft:stone_pickaxe":32,"minecraft:oak_planks":273,"minecraft:wooden_pickaxe":13,"minecraft:stone_axe":1,"mysticsbiomes:spring_bamboo":8,"minecraft:torch":41,"minecraft:dirt":4,"refurbished_furniture:dark_oak_dark_ceiling_fan":1,"minecraft:crafting_table":1,"minecraft:cooked_porkchop":2,"minecraft:spruce_stairs":6,"alexsmobs:animal_dictionary":4,"minecraft:spruce_fence":75,"refurbished_furniture:oak_chair":2},"minecraft:picked_up":{"minecraft:stick":8,"minecraft:crafting_table":1,"minecraft:spruce_sapling":22,"minecraft:spruce_log":33,"minecraft:dirt":1,"minecraft:moss_carpet":5,"minecraft:rotten_flesh":2,"minecraft:wheat_seeds":4,"spartanshields:wooden_basic_shield":1,"minecraft:spruce_button":1,"mysticsbiomes:spring_bamboo":2,"minecraft:coal":15,"minecraft:cobblestone":31},"minecraft:custom":{"minecraft:time_since_rest":104995,"minecraft:interact_with_furnace":3,"minecraft:sprint_one_cm":65162,"minecraft:damage_taken":85,"minecraft:walk_one_cm":164388,"minecraft:drop":6,"minecraft:damage_dealt":176,"minecraft:swim_one_cm":3696,"minecraft:interact_with_crafting_table":6,"minecraft:fly_one_cm":212928,"minecraft:open_barrel":4,"minecraft:open_chest":3,"minecraft:crouch_one_cm":1818,"minecraft:play_time":104995,"minecraft:sneak_time":686,"minecraft:walk_under_water_one_cm":2647,"minecraft:boat_one_cm":86661,"minecraft:jump":556,"minecraft:time_since_death":104995,"minecraft:leave_game":5,"minecraft:walk_on_water_one_cm":4516,"minecraft:total_world_time":104995,"minecraft:fall_one_cm":5152},"minecraft:crafted":{"minecraft:cooked_porkchop":3,"minecraft:crafting_table":1,"minecraft:spruce_planks":16,"minecraft:stick":1,"minecraft:wooden_pickaxe":1,"minecraft:stone_pickaxe":1,"minecraft:stone_sword":1,"minecraft:furnace":1,"minecraft:torch":1,"minecraft:stone_axe":1,"minecraft:air":78},"minecraft:mined":{"minecraft:spruce_log":14,"minecraft:birch_leaves":1,"treechop:chopped_log":1,"minecraft:crafting_table":1,"minecraft:grass":9,"minecraft:coal_ore":14,"minecraft:grass_block":1,"minecraft:tall_grass":8,"minecraft:stone":31},"minecraft:dropped":{"minecraft:rotten_flesh":2,"minecraft:cobblestone":7,"minecraft:spruce_log":17,"minecraft:spruce_sapling":11,"minecraft:stick":4}},"DataVersion":3465}