{"stats":{"minecraft:killed":{"minecraft:pig":1,"minecraft:salmon":5,"minecraft:sheep":8,"minecraft:zombie":1,"minecraft:cow":7},"minecraft:killed_by":{"minecraft:creeper":1},"minecraft:picked_up":{"minecraft:mud":14,"minecraft:crafting_table":2,"minecraft:salmon":12,"minecraft:brown_wool":3,"minecraft:leather":8,"minecraft:dirt":13,"minecraft:raw_copper":10,"minecraft:wooden_sword":2,"minecraft:spruce_planks":26,"minecraft:beef":34,"cobblemon:oran_berry":4,"minecraft:light_gray_wool":2,"minecraft:mangrove_log":6,"minecraft:raw_iron":3,"minecraft:stick":3,"minecraft:sweet_berries":13,"patchouli:guide_book":2,"minecraft:porkchop":8,"cobblemon:persim_berry":44,"minecraft:white_bed":4,"minecraft:spruce_log":9,"minecraft:spider_eye":1,"minecraft:honey_bottle":1,"minecraft:rotten_flesh":2,"minecraft:iron_helmet":1,"minecraft:bread":1,"minecraft:mutton":22,"minecraft:coal":12,"minecraft:white_wool":14,"minecraft:cobblestone":16},"minecraft:broken":{"minecraft:wooden_sword":1},"minecraft:mined":{"minecraft:white_bed":3,"minecraft:powder_snow":1,"minecraft:crafting_table":2,"minecraft:grass_block":1,"minecraft:brown_wool":1,"minecraft:copper_ore":3,"minecraft:cobblestone":11,"minecraft:spruce_leaves":4,"minecraft:large_fern":1,"minecraft:mud":7,"minecraft:iron_ore":3,"minecraft:ice":12,"cobblemon:razz_berry":1,"minecraft:blue_ice":1,"minecraft:spruce_log":9,"minecraft:grass":4,"minecraft:coal_ore":12,"minecraft:dirt":2,"minecraft:mangrove_log":6,"minecraft:stone":5,"minecraft:oak_leaves":1},"minecraft:used":{"minecraft:stone_pickaxe":11,"minecraft:wooden_pickaxe":23,"minecraft:dirt":3,"minecraft:crafting_table":5,"minecraft:white_bed":4,"minecraft:mud":7,"minecraft:bread":1,"minecraft:brown_wool":2,"minecraft:iron_helmet":1,"minecraft:stone_axe":1,"minecraft:wooden_sword":59,"minecraft:sweet_berries":11},"minecraft:custom":{"minecraft:mob_kills":22,"minecraft:interact_with_crafting_table":5,"minecraft:open_barrel":2,"minecraft:time_since_death":11371,"minecraft:sleep_in_bed":4,"minecraft:climb_one_cm":95,"minecraft:time_since_rest":9505,"minecraft:sprint_one_cm":115622,"minecraft:damage_taken":580,"minecraft:walk_one_cm":164511,"minecraft:drop":2,"minecraft:damage_dealt":1793,"minecraft:swim_one_cm":25125,"minecraft:fly_one_cm":233257,"minecraft:crouch_one_cm":83,"minecraft:play_time":53683,"minecraft:deaths":2,"minecraft:sneak_time":73,"minecraft:walk_under_water_one_cm":12575,"minecraft:jump":941,"minecraft:walk_on_water_one_cm":6331,"minecraft:total_world_time":53683,"minecraft:fall_one_cm":18411},"minecraft:dropped":{"minecraft:rotten_flesh":2},"minecraft:crafted":{"minecraft:wooden_sword":2,"minecraft:crafting_table":4,"minecraft:spruce_planks":32,"minecraft:wooden_pickaxe":1,"minecraft:mangrove_planks":24,"minecraft:stone_axe":1,"minecraft:stick":12,"minecraft:stone_pickaxe":1,"minecraft:white_bed":1,"minecraft:torch":12}},"DataVersion":3465}