{"stats":{"minecraft:used":{"minecraft:stone_pickaxe":105,"minecraft:wooden_pickaxe":8,"minecraft:stick":1,"minecraft:torch":12,"minecraft:crafting_table":3,"minecraft:iron_pickaxe":91,"minecraft:stone_axe":15,"minecraft:cobblestone":32,"minecraft:furnace":1,"alexsmobs:animal_dictionary":1},"minecraft:mined":{"minecraft:crafting_table":1,"minecraft:torch":10,"minecraft:glow_lichen":1,"minecraft:granite":6,"minecraft:grass_block":3,"minecraft:melon":1,"minecraft:cobblestone":2,"excavated_variants:andesite_iron_ore":3,"minecraft:damaged_anvil":1,"rocks:rock":1,"minecraft:diorite":6,"minecraft:wall_torch":2,"excavated_variants:twigs_rhyolite_iron_ore":9,"minecraft:redstone_ore":3,"minecraft:furnace":1,"minecraft:iron_ore":18,"excavated_variants:tuff_iron_ore":3,"minecraft:coal_ore":20,"supplementaries:stick":1,"minecraft:oak_log":11,"rocks:birch_stick":3,"minecraft:deepslate_iron_ore":12,"minecraft:dirt":5,"twigs:rhyolite":1,"minecraft:stone":91,"minecraft:oak_leaves":4,"minecraft:deepslate":5,"minecraft:fern":1},"minecraft:custom":{"minecraft:interact_with_furnace":3,"minecraft:mob_kills":2,"minecraft:interact_with_crafting_table":6,"minecraft:time_since_death":10295,"minecraft:sleep_in_bed":1,"minecraft:climb_one_cm":1387,"minecraft:time_since_rest":5224,"minecraft:sprint_one_cm":58023,"minecraft:damage_taken":800,"minecraft:walk_one_cm":61026,"minecraft:drop":2,"minecraft:damage_dealt":531,"minecraft:fly_one_cm":113648,"minecraft:open_chest":4,"minecraft:crouch_one_cm":73,"minecraft:play_time":39928,"minecraft:deaths":3,"minecraft:sneak_time":92,"minecraft:walk_under_water_one_cm":798,"minecraft:jump":778,"minecraft:walk_on_water_one_cm":990,"minecraft:total_world_time":39928,"minecraft:fall_one_cm":31220},"minecraft:picked_up":{"minecraft:crafting_table":1,"minecraft:oak_log":11,"minecraft:dirt":8,"minecraft:cobbled_deepslate":5,"minecraft:iron_ingot":6,"minecraft:iron_pickaxe":1,"minecraft:melon_slice":4,"minecraft:furnace":1,"minecraft:raw_iron":72,"minecraft:stick":7,"minecraft:torch":12,"minecraft:diorite":6,"minecraft:redstone":14,"minecraft:stone_axe":1,"minecraft:granite":6,"minecraft:damaged_anvil":1,"minecraft:oak_sapling":1,"twigs:rhyolite":1,"rocks:cobblestone_splitter":1,"minecraft:coal":37,"minecraft:cobblestone":92},"minecraft:crafted":{"minecraft:crafting_table":2,"minecraft:oak_pressure_plate":1,"minecraft:wooden_pickaxe":2,"minecraft:furnace":1,"minecraft:stone_axe":1,"minecraft:air":49,"minecraft:shield":1,"minecraft:stick":8,"minecraft:iron_ingot":7,"minecraft:iron_pickaxe":1,"minecraft:stone_pickaxe":1,"minecraft:wooden_axe":1,"minecraft:torch":4},"minecraft:killed_by":{"minecraft:skeleton":1,"minecraft:zombie":1},"minecraft:dropped":{"minecraft:stone_axe":1,"minecraft:iron_pickaxe":1},"minecraft:killed":{"minecraft:zombie":2}},"DataVersion":2975}