{"stats":{"minecraft:used":{"majruszsdifficulty:undead_battle_standard":1},"minecraft:custom":{"minecraft:jump":142,"minecraft:time_since_rest":23937,"minecraft:leave_game":3,"minecraft:time_since_death":23937,"minecraft:play_time":23937,"minecraft:sprint_one_cm":14545,"minecraft:walk_one_cm":8694,"minecraft:walk_on_water_one_cm":262,"minecraft:sneak_time":6,"minecraft:total_world_time":23937,"minecraft:climb_one_cm":259,"minecraft:walk_under_water_one_cm":764,"minecraft:swim_one_cm":2375,"minecraft:fly_one_cm":67103,"minecraft:fall_one_cm":627},"minecraft:mined":{"minecraft:grass":2,"minecraft:fern":1},"minecraft:picked_up":{"minecraft:jungle_sapling":1}},"DataVersion":2975}