{"stats":{"minecraft:picked_up":{"minecraft:polished_diorite":1},"minecraft:dropped":{"minecraft:polished_diorite":1},"minecraft:used":{"minecraft:cobbled_deepslate":76,"minecraft:gravel":3,"minecraft:polished_diorite":108},"minecraft:custom":{"minecraft:jump":158,"minecraft:time_since_rest":2013,"minecraft:walk_on_water_one_cm":73,"minecraft:damage_taken":290,"minecraft:leave_game":2,"minecraft:play_time":22971,"minecraft:sprint_one_cm":17317,"minecraft:time_since_death":1967,"minecraft:walk_one_cm":20012,"minecraft:deaths":3,"minecraft:sneak_time":23,"minecraft:total_world_time":22971,"minecraft:fall_one_cm":4180,"minecraft:drop":1,"minecraft:fly_one_cm":71747},"minecraft:killed_by":{"minecraft:skeleton":1},"minecraft:mined":{"minecraft:tall_grass":1}},"DataVersion":2975}