{"stats":{"minecraft:picked_up":{"minecraft:polished_diorite":1},"minecraft:dropped":{"minecraft:polished_diorite":1},"minecraft:used":{"minecraft:cobbled_deepslate":76,"minecraft:gravel":3,"minecraft:polished_diorite":108},"minecraft:custom":{"minecraft:time_since_rest":1508,"minecraft:sprint_one_cm":25361,"minecraft:play_time":44406,"minecraft:damage_taken":2469,"minecraft:deaths":9,"minecraft:walk_one_cm":28302,"minecraft:sneak_time":23,"minecraft:drop":1,"minecraft:jump":298,"minecraft:damage_dealt":18,"minecraft:leave_game":3,"minecraft:walk_on_water_one_cm":396,"minecraft:time_since_death":1364,"minecraft:total_world_time":44406,"minecraft:fly_one_cm":96644,"minecraft:fall_one_cm":29000},"minecraft:killed_by":{"minecraft:skeleton":1,"minecraft:zombie":1},"minecraft:mined":{"minecraft:grass":1,"minecraft:tall_grass":1,"minecraft:fire":2}},"DataVersion":2975}