{"stats":{"minecraft:picked_up":{"minecraft:rotten_flesh":1,"minecraft:gunpowder":2},"minecraft:killed":{"minecraft:creeper":2},"minecraft:used":{"minecraft:wooden_sword":5},"minecraft:custom":{"minecraft:jump":314,"minecraft:time_since_rest":80270,"minecraft:damage_dealt":200,"minecraft:damage_taken":80,"minecraft:crouch_one_cm":44,"minecraft:leave_game":12,"minecraft:play_time":80270,"minecraft:sprint_one_cm":34414,"minecraft:time_since_death":80270,"minecraft:walk_on_water_one_cm":460,"minecraft:walk_one_cm":52442,"minecraft:total_world_time":80270,"minecraft:sneak_time":151,"minecraft:mob_kills":1,"minecraft:fall_one_cm":3560,"minecraft:drop":1,"minecraft:fly_one_cm":175117},"minecraft:dropped":{"minecraft:rotten_flesh":1}},"DataVersion":3465}