{"stats":{"minecraft:used":{"farmersdelight:rope":4,"minecraft:oak_log":104,"mysticsbiomes:spring_bamboo":8,"minecraft:torch":41,"minecraft:dirt":3,"refurbished_furniture:dark_oak_dark_ceiling_fan":1,"minecraft:lantern":13,"minecraft:spruce_stairs":6,"minecraft:oak_planks":273,"alexsmobs:animal_dictionary":2,"minecraft:spruce_fence":75,"refurbished_furniture:oak_chair":2},"minecraft:picked_up":{"minecraft:wheat_seeds":2,"minecraft:spruce_button":1,"mysticsbiomes:spring_bamboo":2,"minecraft:moss_carpet":5},"minecraft:custom":{"minecraft:time_since_rest":80995,"minecraft:open_chest":1,"minecraft:crouch_one_cm":1549,"minecraft:sprint_one_cm":44338,"minecraft:play_time":80995,"minecraft:walk_one_cm":105773,"minecraft:sneak_time":548,"minecraft:walk_under_water_one_cm":1468,"minecraft:jump":386,"minecraft:leave_game":5,"minecraft:walk_on_water_one_cm":3374,"minecraft:time_since_death":80995,"minecraft:total_world_time":80995,"minecraft:swim_one_cm":3696,"minecraft:fall_one_cm":627,"minecraft:fly_one_cm":189781}},"DataVersion":3465}