{"stats":{"minecraft:custom":{"minecraft:jump":86,"minecraft:time_since_rest":41918,"minecraft:walk_one_cm":13706,"minecraft:leave_game":5,"minecraft:play_time":41918,"minecraft:sprint_one_cm":7846,"minecraft:time_since_death":41918,"minecraft:walk_on_water_one_cm":327,"minecraft:total_world_time":41918,"minecraft:fall_one_cm":476,"minecraft:drop":2,"minecraft:fly_one_cm":18139},"minecraft:picked_up":{"minecraft:rose_bush":1,"minecraft:moss_carpet":7},"minecraft:dropped":{"minecraft:moss_carpet":7,"minecraft:rose_bush":1},"minecraft:mined":{"minecraft:tall_grass":1},"minecraft:used":{"minecraft:grass_block":1}},"DataVersion":3465}