{"stats":{"minecraft:dropped":{"minecraft:clay":1,"minecraft:birch_planks":1,"minecraft:moss_block":7,"minecraft:wheat_seeds":10,"minecraft:cooked_beef":14,"cobblemon:blue_apricorn":3,"minecraft:diamond":2,"cobblemon:sun_stone":6,"minecraft:feather":8,"minecraft:oak_fence":3,"minecraft:cobblestone":105,"minecraft:warped_roots":2,"minecraft:jungle_planks":2,"cobblemon:verdant_ball":4,"megamons:raw_gyaradosite":1,"cobblemon:revive":1,"minecraft:rail":3,"cobblemon:oran_berry":15,"cobblemon:pink_apricorn":3,"minecraft:stick":8,"cobblemon:dusk_stone":2,"cobblemon:medicinal_leek":2,"minecraft:dirt":2,"cobblemon:dawn_stone":1,"cobblemon:white_apricorn":5,"minecraft:wooden_hoe":1,"minecraft:torch":2,"cobblemon:poke_ball":6,"minecraft:cooked_salmon":8,"cobblemon:pep_up_flower":2,"cobblemon:green_apricorn":6,"minecraft:flowering_azalea":2,"cobblemon:blue_apricorn_seed":1,"cobblemon:leaf_stone":1,"minecraft:string":1,"minecraft:stone_axe":2,"minecraft:moss_carpet":21,"minecraft:blackstone":23,"minecraft:cooked_chicken":1,"minecraft:cobbled_deepslate":121,"minecraft:tuff":62,"minecraft:pointed_dripstone":1,"cobblemon:yellow_apricorn":1,"minecraft:rotten_flesh":77,"minecraft:clay_ball":22,"cobblemon:quick_ball":1,"cobblemon:premier_ball":2,"megamons:anistarite_geode_block":64,"minecraft:big_dripleaf":2,"minecraft:gunpowder":1,"minecraft:peony":1,"minecraft:charcoal":1,"cobblemon:pink_apricorn_seed":2,"minecraft:azalea":5,"minecraft:spider_eye":1,"cobblemon:poison_barb":1,"minecraft:arrow":4,"minecraft:wooden_pickaxe":2,"minecraft:quartz":8},"minecraft:mined":{"minecraft:tuff":50,"minecraft:spruce_planks":14,"minecraft:deepslate_diamond_ore":8,"megamons:crystal_shiny_stone_ore":1,"minecraft:grass_block":8,"minecraft:jungle_log":2,"megamons:crystal_water_stone_ore":4,"minecraft:spruce_leaves":13,"minecraft:moss_block":5,"megamons:crystal_dusk_stone_ore":4,"minecraft:large_fern":6,"minecraft:furnace":2,"minecraft:iron_ore":19,"minecraft:fire":9,"minecraft:cobbled_deepslate":12,"minecraft:deepslate_lapis_ore":8,"minecraft:peony":1,"minecraft:brown_bed":6,"minecraft:vine":4,"minecraft:pointed_dripstone":1,"minecraft:cave_vines":1,"minecraft:deepslate_iron_ore":47,"minecraft:rail":2,"minecraft:packed_ice":1,"minecraft:azalea":1,"minecraft:stone":293,"megamons:crystal_thunder_stone_ore":1,"megamons:crystal_leaf_stone_ore":2,"megamons:anistarite_rough_geode_block":7,"minecraft:acacia_leaves":5,"megamons:anistarite_geode_block":28,"minecraft:blackstone":31,"cobblemon:revival_herb":3,"minecraft:clay":11,"minecraft:crafting_table":2,"minecraft:torch":6,"minecraft:dead_bush":1,"minecraft:cobblestone":3,"minecraft:tall_grass":91,"minecraft:copper_ore":3,"minecraft:deepslate_gold_ore":25,"megamons:crystal_moon_stone_ore":2,"minecraft:lapis_ore":5,"minecraft:wall_torch":20,"minecraft:warped_wart_block":1,"minecraft:mud":4,"minecraft:ice":8,"minecraft:blue_ice":2,"minecraft:spruce_log":25,"minecraft:grass":87,"megamons:crystal_dawn_stone_ore":2,"minecraft:coal_ore":49,"megamons:crystal_sun_stone_ore":4,"minecraft:sand":8,"minecraft:gravel":116,"minecraft:dripstone_block":3,"minecraft:dirt":17,"minecraft:netherrack":1,"minecraft:oak_leaves":4,"minecraft:deepslate":142,"minecraft:fern":9},"minecraft:picked_up":{"minecraft:mud":4,"cobblemon:leaf_stone":1,"minecraft:crafting_table":5,"minecraft:chicken":13,"minecraft:clay_ball":66,"cobblemon:yellow_apricorn":2,"cobblemon:red_apricorn":6,"minecraft:wooden_pickaxe":3,"minecraft:brown_bed":7,"cobblemon:sharp_beak":1,"minecraft:string":6,"minecraft:raw_copper":66,"minecraft:moss_carpet":21,"cobblemon:revival_herb":22,"cobblemon:lum_berry":1,"minecraft:cooked_salmon":3,"cobblemon:white_apricorn":9,"minecraft:white_carpet":1,"minecraft:blackstone":191,"minecraft:cobbled_deepslate":313,"cobblemon:green_apricorn":10,"minecraft:jungle_sapling":1,"minecraft:spruce_planks":34,"minecraft:beef":17,"cobblemon:oran_berry":291,"cobblemon:relic_coin":19,"minecraft:azalea":6,"minecraft:iron_pickaxe":1,"cobblemon:dusk_stone":6,"cobblemon:big_root":8,"cobblemon:quick_ball":7,"cobblemon:pep_up_flower":10,"minecraft:sugar_cane":4,"minecraft:chest":1,"minecraft:furnace":2,"cobblemon:light_ball":1,"minecraft:stick":15,"minecraft:raw_iron":132,"minecraft:big_dripleaf":2,"minecraft:copper_ingot":1,"minecraft:oak_fence":3,"minecraft:torch":42,"minecraft:porkchop":25,"minecraft:pointed_dripstone":5,"cobblemon:never_melt_ice":4,"cobblemon:berry_juice":3,"minecraft:honey_bottle":4,"cobblemon:dawn_stone":3,"minecraft:arrow":4,"minecraft:rotten_flesh":82,"minecraft:peony":1,"cobblemon:friend_ball":4,"minecraft:glow_berries":4,"minecraft:mutton":18,"cobblemon:blue_apricorn":3,"minecraft:snowball":18,"minecraft:cobblestone":793,"minecraft:white_wool":13,"minecraft:rail":3,"minecraft:feather":8,"cobblemon:great_ball":7,"minecraft:cooked_beef":10,"cobblemon:ultra_ball":3,"minecraft:jungle_log":2,"minecraft:glow_ink_sac":3,"minecraft:salmon":2,"minecraft:brown_wool":8,"minecraft:leather":21,"cobblemon:kebia_berry":1,"cobblemon:pinap_berry":16,"minecraft:birch_planks":1,"cobblemon:razz_berry":30,"minecraft:flint":13,"minecraft:tuff":75,"cobblemon:slate_ball":8,"cobblemon:peat_block":1,"minecraft:gunpowder":3,"megamons:anistarite_geode_block":89,"minecraft:lapis_lazuli":121,"minecraft:dirt":76,"cobblemon:pink_apricorn_seed":5,"cobblemon:heal_ball":1,"minecraft:cooked_mutton":1,"cobblemon:passho_berry":1,"minecraft:apple":1,"minecraft:wheat_seeds":45,"cobblemon:black_apricorn":3,"cobblemon:exp_share":1,"minecraft:raw_gold":37,"minecraft:stone_pickaxe":2,"cobblemon:thunder_stone":1,"minecraft:stripped_oak_wood":1,"minecraft:glass_bottle":1,"cobblemon:moon_stone":2,"minecraft:moss_block":15,"minecraft:oak_planks":7,"minecraft:flowering_azalea":2,"cobblemon:poison_barb":1,"cobblemon:chilan_berry":1,"minecraft:sand":7,"cobblemon:sun_stone":6,"cobblemon:rare_candy":9,"minecraft:smooth_basalt":2,"cobblemon:kasib_berry":1,"minecraft:cooked_porkchop":2,"patchouli:guide_book":6,"minecraft:warped_wart_block":1,"minecraft:quartz":8,"cobblemon:shiny_stone":1,"minecraft:gravel":136,"cobblemon:blue_apricorn_seed":1,"minecraft:dripstone_block":3,"cobblemon:premier_ball":1,"cobblemon:persim_berry":8,"cobblemon:pink_apricorn":16,"minecraft:spruce_log":47,"cobblemon:aspear_berry":24,"minecraft:spider_eye":1,"megamons:raw_gyaradosite":1,"megamons:anistarite_rough_geode_block":3,"minecraft:clay":1,"cobblemon:poke_ball":13,"minecraft:diamond":14,"minecraft:spruce_boat":1,"minecraft:stone_axe":4,"cobblemon:ability_shield":1,"minecraft:crossbow":1,"minecraft:warped_roots":4,"cobblemon:medicinal_leek":2,"minecraft:netherrack":12,"minecraft:coal":95,"megamons:cut_gyaradosite":1,"minecraft:ender_pearl":1},"minecraft:killed":{"minecraft:spider":2,"minecraft:skeleton":1,"minecraft:pig":4,"cobblemon:pokemon":4,"minecraft:salmon":2,"minecraft:creeper":1,"minecraft:sheep":4,"minecraft:zombie":4,"minecraft:cow":5},"minecraft:broken":{"minecraft:stone_pickaxe":2,"minecraft:stone_axe":1,"minecraft:iron_pickaxe":1},"minecraft:custom":{"minecraft:mob_kills":27,"minecraft:interact_with_crafting_table":51,"minecraft:open_barrel":1,"minecraft:leave_game":4,"minecraft:time_since_death":296498,"minecraft:climb_one_cm":14632,"minecraft:sprint_one_cm":780049,"minecraft:walk_one_cm":1495621,"minecraft:drop":345,"minecraft:talked_to_villager":2,"minecraft:walk_under_water_one_cm":24965,"minecraft:sneak_time":22186,"minecraft:play_time":546551,"minecraft:deaths":11,"minecraft:boat_one_cm":121411,"minecraft:jump":7874,"minecraft:walk_on_water_one_cm":38739,"minecraft:total_world_time":546551,"minecraft:interact_with_furnace":87,"minecraft:sleep_in_bed":32,"minecraft:time_since_rest":8715,"minecraft:damage_taken":7962,"minecraft:damage_dealt":3432,"minecraft:swim_one_cm":56326,"minecraft:fly_one_cm":1272657,"minecraft:open_chest":102,"minecraft:crouch_one_cm":81011,"minecraft:fall_one_cm":258760,"minecraft:horse_one_cm":3352},"minecraft:crafted":{"minecraft:cooked_chicken":6,"minecraft:furnace":3,"cobblemon:premier_ball":4,"minecraft:cooked_mutton":2,"minecraft:glass":3,"megamons:mega_cuff":1,"minecraft:stone_pickaxe":3,"cobblemon:peat_block":1,"minecraft:spruce_boat":1,"minecraft:stone_hoe":1,"minecraft:cooked_beef":15,"minecraft:cooked_porkchop":1,"minecraft:crafting_table":6,"minecraft:spruce_planks":88,"cobblemon:verdant_ball":4,"minecraft:wooden_pickaxe":1,"megamons:key_stone":1,"minecraft:cooked_salmon":7,"minecraft:copper_ingot":80,"minecraft:birch_planks":176,"cobblemon:roseate_ball":12,"minecraft:stone_axe":1,"minecraft:jungle_planks":8,"minecraft:air":0,"cobblemon:heal_ball":12,"minecraft:oak_boat":1,"cobblemon:poke_ball":8,"cobblemon:quick_ball":8,"minecraft:wooden_hoe":2,"minecraft:charcoal":3,"minecraft:diamond_pickaxe":1,"cobblemon:heal_powder":2,"minecraft:stick":24,"minecraft:iron_pickaxe":1,"minecraft:wooden_axe":1,"minecraft:torch":8,"cobblemon:great_ball":4,"minecraft:clay":2,"cobblemon:revive":2},"minecraft:killed_by":{"minecraft:player":1},"minecraft:used":{"minecraft:azalea":1,"minecraft:iron_shovel":122,"minecraft:spruce_planks":74,"minecraft:cooked_salmon":2,"minecraft:cooked_chicken":3,"minecraft:stone_hoe":21,"minecraft:netherrack":12,"minecraft:torch":44,"minecraft:dirt":32,"minecraft:warped_wart_block":1,"minecraft:white_carpet":1,"minecraft:tuff":3,"minecraft:snowball":18,"minecraft:spruce_boat":2,"cobblemon:aspear_berry":7,"cobblemon:pink_apricorn_seed":2,"cobblemon:revival_herb":6,"minecraft:furnace":4,"minecraft:cooked_beef":49,"minecraft:pointed_dripstone":4,"minecraft:brown_bed":6,"minecraft:cobbled_deepslate":38,"minecraft:cooked_mutton":3,"minecraft:stone_pickaxe":312,"minecraft:blackstone":138,"minecraft:wooden_pickaxe":5,"cobblemon:white_apricorn_seed":1,"minecraft:crafting_table":9,"cobblemon:black_apricorn_seed":2,"megamons:anistarite_geode_block":3,"cobblemon:yellow_apricorn_seed":1,"cobblemon:chilan_berry":1,"minecraft:wooden_hoe":6,"cobblemon:green_apricorn_seed":1,"minecraft:diamond_pickaxe":158,"minecraft:apple":1,"cobblemon:oran_berry":10,"minecraft:bread":4,"minecraft:iron_pickaxe":307,"minecraft:gravel":56,"minecraft:stone_axe":119,"cobblemon:red_apricorn_seed":1,"minecraft:cobblestone":109,"minecraft:cooked_porkchop":3,"minecraft:stripped_oak_wood":1,"minecraft:oak_boat":1,"minecraft:bone_meal":46,"cobblemon:blue_apricorn_seed":1}},"DataVersion":3465}