{"stats":{"minecraft:dropped":{"minecraft:clay":1,"minecraft:moss_block":7,"minecraft:wheat_seeds":10,"minecraft:cooked_beef":7,"cobblemon:blue_apricorn":3,"minecraft:diamond":2,"cobblemon:sun_stone":6,"minecraft:feather":8,"minecraft:oak_fence":3,"minecraft:cobblestone":30,"minecraft:warped_roots":2,"cobblemon:verdant_ball":4,"minecraft:rail":3,"cobblemon:revive":1,"megamons:raw_gyaradosite":1,"cobblemon:oran_berry":15,"cobblemon:dusk_stone":2,"minecraft:stick":8,"cobblemon:pink_apricorn":3,"cobblemon:medicinal_leek":2,"cobblemon:dawn_stone":1,"minecraft:torch":2,"cobblemon:white_apricorn":5,"minecraft:wooden_hoe":1,"cobblemon:poke_ball":6,"cobblemon:pep_up_flower":2,"minecraft:cooked_salmon":8,"cobblemon:green_apricorn":6,"minecraft:flowering_azalea":2,"cobblemon:blue_apricorn_seed":1,"cobblemon:leaf_stone":1,"minecraft:string":1,"minecraft:stone_axe":2,"minecraft:moss_carpet":21,"minecraft:blackstone":14,"minecraft:cooked_chicken":1,"minecraft:tuff":48,"minecraft:pointed_dripstone":1,"cobblemon:yellow_apricorn":1,"minecraft:rotten_flesh":77,"minecraft:clay_ball":22,"cobblemon:premier_ball":2,"minecraft:big_dripleaf":2,"minecraft:gunpowder":1,"minecraft:peony":1,"minecraft:charcoal":1,"cobblemon:pink_apricorn_seed":2,"minecraft:azalea":5,"minecraft:spider_eye":1,"cobblemon:poison_barb":1,"minecraft:arrow":4,"minecraft:wooden_pickaxe":2,"minecraft:quartz":4},"minecraft:mined":{"minecraft:tuff":50,"minecraft:spruce_planks":14,"minecraft:deepslate_diamond_ore":7,"megamons:crystal_shiny_stone_ore":1,"minecraft:grass_block":8,"megamons:crystal_water_stone_ore":1,"minecraft:spruce_leaves":13,"minecraft:moss_block":3,"megamons:crystal_dusk_stone_ore":2,"minecraft:large_fern":6,"minecraft:furnace":2,"minecraft:fire":9,"minecraft:iron_ore":19,"minecraft:cobbled_deepslate":11,"minecraft:deepslate_lapis_ore":8,"minecraft:peony":1,"minecraft:brown_bed":6,"minecraft:cave_vines":1,"minecraft:rail":2,"minecraft:vine":3,"minecraft:pointed_dripstone":1,"minecraft:deepslate_iron_ore":47,"minecraft:packed_ice":1,"minecraft:azalea":1,"minecraft:stone":257,"megamons:crystal_thunder_stone_ore":1,"megamons:anistarite_rough_geode_block":2,"minecraft:acacia_leaves":5,"megamons:anistarite_geode_block":26,"minecraft:blackstone":21,"cobblemon:revival_herb":3,"minecraft:clay":11,"minecraft:crafting_table":2,"minecraft:torch":4,"minecraft:dead_bush":1,"minecraft:copper_ore":1,"minecraft:tall_grass":87,"minecraft:cobblestone":3,"minecraft:deepslate_gold_ore":19,"minecraft:wall_torch":11,"minecraft:warped_wart_block":1,"minecraft:mud":4,"minecraft:ice":8,"minecraft:blue_ice":2,"minecraft:spruce_log":25,"minecraft:grass":86,"minecraft:coal_ore":33,"megamons:crystal_sun_stone_ore":4,"minecraft:gravel":116,"minecraft:dripstone_block":3,"minecraft:dirt":15,"minecraft:netherrack":1,"minecraft:oak_leaves":4,"minecraft:deepslate":76,"minecraft:fern":9},"minecraft:picked_up":{"minecraft:mud":4,"cobblemon:leaf_stone":1,"minecraft:crafting_table":5,"minecraft:chicken":13,"minecraft:clay_ball":66,"cobblemon:yellow_apricorn":2,"cobblemon:red_apricorn":6,"minecraft:wooden_pickaxe":3,"minecraft:brown_bed":7,"cobblemon:sharp_beak":1,"cobblemon:lum_berry":1,"minecraft:string":5,"minecraft:moss_carpet":21,"minecraft:raw_copper":66,"cobblemon:revival_herb":22,"minecraft:cooked_salmon":3,"cobblemon:white_apricorn":9,"minecraft:white_carpet":1,"minecraft:blackstone":166,"minecraft:cobbled_deepslate":168,"cobblemon:green_apricorn":10,"minecraft:spruce_planks":34,"minecraft:beef":17,"cobblemon:oran_berry":267,"cobblemon:relic_coin":19,"cobblemon:big_root":8,"minecraft:azalea":6,"minecraft:iron_pickaxe":1,"cobblemon:dusk_stone":4,"cobblemon:pep_up_flower":10,"minecraft:chest":1,"minecraft:sugar_cane":4,"minecraft:furnace":2,"cobblemon:light_ball":1,"minecraft:stick":15,"minecraft:raw_iron":132,"minecraft:big_dripleaf":2,"minecraft:copper_ingot":1,"minecraft:oak_fence":3,"minecraft:torch":31,"minecraft:porkchop":25,"minecraft:pointed_dripstone":5,"cobblemon:never_melt_ice":4,"cobblemon:berry_juice":3,"cobblemon:dawn_stone":3,"minecraft:arrow":4,"minecraft:honey_bottle":4,"minecraft:rotten_flesh":80,"minecraft:peony":1,"minecraft:rail":3,"minecraft:glow_berries":4,"minecraft:mutton":18,"cobblemon:friend_ball":4,"cobblemon:blue_apricorn":3,"minecraft:snowball":18,"minecraft:white_wool":13,"minecraft:cobblestone":694,"cobblemon:ultra_ball":3,"cobblemon:great_ball":7,"minecraft:feather":8,"minecraft:cooked_beef":10,"minecraft:glow_ink_sac":3,"minecraft:salmon":2,"minecraft:brown_wool":8,"minecraft:leather":21,"cobblemon:kebia_berry":1,"cobblemon:pinap_berry":16,"cobblemon:razz_berry":30,"minecraft:flint":13,"minecraft:tuff":61,"cobblemon:slate_ball":8,"cobblemon:peat_block":1,"minecraft:gunpowder":3,"minecraft:lapis_lazuli":91,"megamons:anistarite_geode_block":83,"minecraft:dirt":74,"cobblemon:pink_apricorn_seed":5,"cobblemon:heal_ball":1,"minecraft:cooked_mutton":1,"cobblemon:passho_berry":1,"minecraft:apple":1,"minecraft:wheat_seeds":45,"cobblemon:black_apricorn":3,"cobblemon:exp_share":1,"minecraft:raw_gold":29,"minecraft:stone_pickaxe":2,"cobblemon:thunder_stone":1,"minecraft:stripped_oak_wood":1,"minecraft:glass_bottle":1,"cobblemon:moon_stone":2,"minecraft:moss_block":15,"minecraft:oak_planks":7,"minecraft:flowering_azalea":2,"cobblemon:poison_barb":1,"cobblemon:chilan_berry":1,"cobblemon:sun_stone":6,"cobblemon:rare_candy":9,"cobblemon:kasib_berry":1,"minecraft:smooth_basalt":2,"minecraft:cooked_porkchop":2,"cobblemon:shiny_stone":1,"patchouli:guide_book":6,"minecraft:quartz":8,"cobblemon:premier_ball":1,"minecraft:warped_wart_block":1,"cobblemon:blue_apricorn_seed":1,"minecraft:dripstone_block":3,"minecraft:gravel":136,"cobblemon:persim_berry":8,"cobblemon:pink_apricorn":16,"minecraft:spruce_log":47,"cobblemon:aspear_berry":24,"minecraft:spider_eye":1,"megamons:raw_gyaradosite":1,"megamons:anistarite_rough_geode_block":3,"minecraft:clay":1,"minecraft:spruce_boat":1,"minecraft:diamond":13,"minecraft:stone_axe":4,"cobblemon:poke_ball":13,"cobblemon:ability_shield":1,"minecraft:crossbow":1,"minecraft:warped_roots":4,"megamons:cut_gyaradosite":1,"cobblemon:medicinal_leek":2,"minecraft:netherrack":12,"minecraft:coal":79,"minecraft:ender_pearl":1},"minecraft:killed":{"minecraft:spider":1,"minecraft:skeleton":1,"minecraft:pig":4,"cobblemon:pokemon":4,"minecraft:salmon":2,"minecraft:creeper":1,"minecraft:sheep":4,"minecraft:zombie":4,"minecraft:cow":5},"minecraft:broken":{"minecraft:stone_pickaxe":2,"minecraft:stone_axe":1},"minecraft:custom":{"minecraft:mob_kills":26,"minecraft:interact_with_crafting_table":44,"minecraft:open_barrel":1,"minecraft:leave_game":3,"minecraft:time_since_death":207335,"minecraft:climb_one_cm":13993,"minecraft:sprint_one_cm":696039,"minecraft:walk_one_cm":1277937,"minecraft:drop":205,"minecraft:talked_to_villager":2,"minecraft:play_time":457388,"minecraft:sneak_time":11305,"minecraft:deaths":11,"minecraft:walk_under_water_one_cm":22673,"minecraft:boat_one_cm":32491,"minecraft:jump":6888,"minecraft:walk_on_water_one_cm":34117,"minecraft:total_world_time":457388,"minecraft:interact_with_furnace":70,"minecraft:sleep_in_bed":30,"minecraft:time_since_rest":77013,"minecraft:damage_taken":7232,"minecraft:damage_dealt":3252,"minecraft:swim_one_cm":43607,"minecraft:fly_one_cm":1143833,"minecraft:open_chest":95,"minecraft:crouch_one_cm":40371,"minecraft:fall_one_cm":231802,"minecraft:horse_one_cm":3352},"minecraft:crafted":{"minecraft:cooked_chicken":2,"minecraft:furnace":3,"cobblemon:premier_ball":4,"minecraft:cooked_mutton":2,"minecraft:stone_pickaxe":3,"cobblemon:peat_block":1,"minecraft:spruce_boat":1,"minecraft:stone_hoe":1,"minecraft:cooked_beef":15,"minecraft:crafting_table":4,"minecraft:spruce_planks":88,"cobblemon:verdant_ball":4,"minecraft:wooden_pickaxe":1,"minecraft:cooked_salmon":7,"minecraft:copper_ingot":80,"minecraft:birch_planks":176,"cobblemon:roseate_ball":12,"minecraft:stone_axe":1,"minecraft:air":0,"cobblemon:heal_ball":12,"cobblemon:poke_ball":8,"cobblemon:quick_ball":8,"minecraft:wooden_hoe":2,"cobblemon:heal_powder":2,"minecraft:charcoal":3,"minecraft:stick":24,"minecraft:iron_pickaxe":1,"minecraft:wooden_axe":1,"minecraft:torch":8,"cobblemon:great_ball":4,"minecraft:clay":2,"cobblemon:revive":2},"minecraft:killed_by":{"minecraft:player":1},"minecraft:used":{"minecraft:azalea":1,"minecraft:iron_shovel":122,"minecraft:spruce_planks":74,"minecraft:cooked_chicken":1,"minecraft:cooked_salmon":2,"minecraft:stone_hoe":21,"minecraft:netherrack":12,"minecraft:torch":26,"minecraft:dirt":32,"minecraft:warped_wart_block":1,"minecraft:white_carpet":1,"minecraft:tuff":3,"minecraft:snowball":18,"minecraft:spruce_boat":2,"cobblemon:aspear_berry":7,"cobblemon:pink_apricorn_seed":2,"cobblemon:revival_herb":6,"minecraft:furnace":4,"minecraft:cooked_beef":41,"minecraft:cobbled_deepslate":7,"minecraft:brown_bed":6,"minecraft:pointed_dripstone":4,"minecraft:cooked_mutton":3,"minecraft:stone_pickaxe":312,"minecraft:blackstone":27,"minecraft:wooden_pickaxe":5,"minecraft:crafting_table":7,"cobblemon:black_apricorn_seed":2,"cobblemon:yellow_apricorn_seed":1,"megamons:anistarite_geode_block":3,"cobblemon:white_apricorn_seed":1,"cobblemon:chilan_berry":1,"minecraft:wooden_hoe":6,"cobblemon:green_apricorn_seed":1,"minecraft:apple":1,"cobblemon:oran_berry":10,"minecraft:bread":4,"minecraft:iron_pickaxe":299,"minecraft:gravel":56,"minecraft:stone_axe":119,"cobblemon:red_apricorn_seed":1,"minecraft:cobblestone":85,"minecraft:cooked_porkchop":2,"minecraft:stripped_oak_wood":1,"minecraft:bone_meal":46,"cobblemon:blue_apricorn_seed":1}},"DataVersion":3465}