{"stats":{"minecraft:used":{"minecraft:stone_pickaxe":48,"minecraft:wooden_pickaxe":8,"minecraft:stone_axe":4,"minecraft:stick":1,"minecraft:torch":7,"minecraft:crafting_table":2,"alexsmobs:animal_dictionary":1},"minecraft:mined":{"minecraft:iron_ore":3,"minecraft:torch":5,"minecraft:oak_log":11,"supplementaries:stick":1,"minecraft:grass_block":3,"minecraft:coal_ore":20,"rocks:birch_stick":2,"minecraft:dirt":5,"minecraft:stone":15,"rocks:rock":1,"minecraft:oak_leaves":4,"minecraft:wall_torch":2},"minecraft:picked_up":{"minecraft:stick":6,"minecraft:raw_iron":3,"minecraft:torch":7,"minecraft:oak_log":11,"minecraft:dirt":8,"minecraft:stone_axe":1,"minecraft:oak_sapling":1,"minecraft:coal":20,"rocks:cobblestone_splitter":1,"minecraft:cobblestone":15},"minecraft:custom":{"minecraft:time_since_rest":3960,"minecraft:sprint_one_cm":28791,"minecraft:damage_taken":270,"minecraft:walk_one_cm":21874,"minecraft:mob_kills":1,"minecraft:drop":1,"minecraft:damage_dealt":199,"minecraft:interact_with_crafting_table":3,"minecraft:fly_one_cm":29687,"minecraft:play_time":15928,"minecraft:deaths":1,"minecraft:walk_under_water_one_cm":337,"minecraft:jump":198,"minecraft:time_since_death":3934,"minecraft:walk_on_water_one_cm":851,"minecraft:total_world_time":15928,"minecraft:fall_one_cm":8355},"minecraft:crafted":{"minecraft:crafting_table":1,"minecraft:stick":4,"minecraft:oak_pressure_plate":1,"minecraft:wooden_pickaxe":2,"minecraft:stone_pickaxe":1,"minecraft:wooden_axe":1,"minecraft:torch":4,"minecraft:stone_axe":1,"minecraft:air":49},"minecraft:killed_by":{"minecraft:skeleton":1},"minecraft:dropped":{"minecraft:stone_axe":1},"minecraft:killed":{"minecraft:zombie":1}},"DataVersion":2975}