{"stats":{"minecraft:killed":{"minecraft:spider":1,"minecraft:skeleton":3,"minecraft:chicken":3,"minecraft:drowned":1,"minecraft:pig":2,"cobblemon:pokemon":9,"minecraft:zombie_villager":1,"minecraft:salmon":5,"minecraft:sheep":12,"minecraft:zombie":5,"minecraft:cow":7},"minecraft:killed_by":{"minecraft:creeper":1},"minecraft:picked_up":{"minecraft:mud":14,"minecraft:crafting_table":4,"minecraft:coarse_dirt":5,"minecraft:chicken":7,"minecraft:stone_slab":2,"cobblemon:red_apricorn":10,"cobblemon:wepear_berry":23,"minecraft:raw_copper":24,"minecraft:wooden_sword":2,"cobblemon:kings_rock":1,"minecraft:cracked_stone_bricks":3,"cobblemon:green_apricorn":19,"minecraft:spruce_planks":40,"minecraft:beef":34,"cobblemon:oran_berry":43,"minecraft:calcite":5,"minecraft:iron_nugget":2,"minecraft:light_gray_wool":2,"cobblemon:big_root":1,"minecraft:mangrove_log":6,"minecraft:furnace":2,"minecraft:stick":3,"minecraft:raw_iron":9,"cobblemon:babiri_berry":5,"minecraft:torch":31,"minecraft:porkchop":12,"minecraft:carrot":2,"minecraft:rabbit_foot":1,"minecraft:honey_bottle":4,"minecraft:arrow":2,"minecraft:rotten_flesh":4,"minecraft:mutton":30,"minecraft:white_wool":20,"minecraft:cobblestone":54,"minecraft:feather":4,"cobblemon:great_ball":4,"cobblemon:ultra_ball":8,"minecraft:salmon":12,"minecraft:leather":9,"minecraft:brown_wool":3,"cobblemon:razz_berry":3,"cobblemon:slate_ball":9,"minecraft:dirt":200,"minecraft:stone_bricks":14,"cobblemon:black_apricorn":11,"minecraft:wheat_seeds":39,"minecraft:rabbit_hide":1,"cobblemon:quick_powder":1,"minecraft:mossy_stone_bricks":2,"minecraft:rabbit":1,"minecraft:mangrove_planks":1,"minecraft:oak_planks":1,"minecraft:black_candle":1,"minecraft:sweet_berries":13,"patchouli:guide_book":2,"cobblemon:cheri_berry":11,"minecraft:sand":17,"cobblemon:persim_berry":57,"cobblemon:pink_apricorn":9,"minecraft:white_bed":25,"minecraft:spruce_log":9,"cobblemon:aspear_berry":3,"minecraft:spider_eye":1,"cobblemon:poke_ball":4,"minecraft:iron_helmet":1,"minecraft:bread":1,"cobblemon:medicinal_leek":11,"cobblemon:water_stone":1,"minecraft:coal":70,"minecraft:andesite_slab":1},"minecraft:broken":{"minecraft:wooden_sword":1,"minecraft:stone_shovel":1},"minecraft:mined":{"minecraft:white_bed":24,"minecraft:grass_block":131,"minecraft:brown_wool":1,"minecraft:spruce_leaves":9,"minecraft:large_fern":1,"minecraft:furnace":2,"minecraft:iron_ore":9,"minecraft:fire":12,"cobblemon:razz_berry":1,"cobblemon:medicinal_leek":6,"minecraft:stone":29,"cobblemon:water_stone_ore":1,"minecraft:scaffolding":1,"minecraft:powder_snow":31,"minecraft:crafting_table":4,"cobblemon:apricorn_leaves":1,"minecraft:torch":8,"minecraft:calcite":9,"cobblemon:wepear_berry":4,"minecraft:andesite_slab":1,"minecraft:stone_slab":1,"minecraft:lightning_rod":1,"minecraft:copper_ore":8,"minecraft:tall_grass":91,"minecraft:cobblestone":12,"minecraft:deepslate_coal_ore":2,"minecraft:oak_planks":1,"minecraft:wall_torch":23,"minecraft:coarse_dirt":5,"minecraft:mud":7,"minecraft:blue_ice":1,"minecraft:ice":12,"minecraft:spruce_log":9,"minecraft:stripped_oak_wood":1,"minecraft:grass":172,"minecraft:coal_ore":38,"minecraft:dirt":25,"minecraft:sand":17,"minecraft:mangrove_log":6,"minecraft:cracked_stone_bricks":3,"cobblemon:babiri_berry":4,"minecraft:stone_bricks":14,"minecraft:mossy_stone_bricks":2,"minecraft:oak_leaves":1},"minecraft:used":{"minecraft:flint_and_steel":1,"minecraft:stone_shovel":166,"minecraft:spruce_planks":63,"minecraft:torch":54,"minecraft:dirt":215,"minecraft:obsidian":14,"minecraft:spruce_boat":2,"minecraft:grass_block":69,"minecraft:iron_helmet":1,"minecraft:sweet_berries":11,"minecraft:furnace":2,"minecraft:cooked_mutton":43,"minecraft:stone_pickaxe":117,"minecraft:mangrove_planks":1,"minecraft:wooden_pickaxe":23,"minecraft:crafting_table":11,"minecraft:white_bed":30,"minecraft:mud":7,"minecraft:bread":15,"minecraft:brown_wool":2,"minecraft:stone_axe":69,"minecraft:wooden_sword":75,"minecraft:cobblestone":62,"minecraft:black_candle":1,"minecraft:coarse_dirt":4,"minecraft:smooth_stone":68},"minecraft:custom":{"minecraft:mob_kills":49,"minecraft:interact_with_crafting_table":19,"minecraft:open_barrel":15,"minecraft:eat_cake_slice":3,"minecraft:time_since_death":365371,"minecraft:climb_one_cm":12317,"minecraft:sprint_one_cm":668865,"minecraft:walk_one_cm":782507,"minecraft:drop":86,"minecraft:play_time":407683,"minecraft:deaths":2,"minecraft:sneak_time":3620,"minecraft:walk_under_water_one_cm":43844,"minecraft:boat_one_cm":34331,"minecraft:jump":5440,"minecraft:walk_on_water_one_cm":28492,"minecraft:total_world_time":407683,"minecraft:interact_with_furnace":14,"minecraft:sleep_in_bed":29,"minecraft:time_since_rest":956,"minecraft:damage_taken":3653,"minecraft:damage_dealt":6048,"minecraft:swim_one_cm":157899,"minecraft:fly_one_cm":1525001,"minecraft:open_chest":17,"minecraft:crouch_one_cm":9468,"minecraft:fall_one_cm":148959},"minecraft:dropped":{"minecraft:porkchop":8,"minecraft:wheat_seeds":26,"cobblemon:red_apricorn_seed":1,"cobblemon:sun_stone":1,"minecraft:feather":4,"minecraft:cobblestone":1,"minecraft:leather":5,"minecraft:dirt":88,"minecraft:mutton":7,"minecraft:rabbit":1,"cobblemon:green_apricorn":16,"minecraft:potion":1,"minecraft:wooden_sword":1,"minecraft:sand":17,"cobblemon:great_ball":2,"minecraft:smooth_stone":4,"minecraft:white_wool":2,"minecraft:furnace":1,"minecraft:sweet_berries":1,"minecraft:iron_nugget":2,"minecraft:coarse_dirt":1,"cobblemon:cheri_berry":1,"minecraft:chicken":7,"minecraft:rotten_flesh":4,"minecraft:oak_planks":1,"minecraft:salmon":5,"minecraft:rabbit_hide":1,"minecraft:arrow":2,"minecraft:wooden_pickaxe":1,"minecraft:calcite":5,"cobblemon:quick_powder":1},"minecraft:crafted":{"minecraft:wooden_sword":2,"minecraft:smooth_stone":4,"minecraft:furnace":2,"minecraft:stone":4,"minecraft:cooked_mutton":12,"minecraft:stone_pickaxe":1,"minecraft:spruce_boat":2,"minecraft:crafting_table":7,"minecraft:spruce_planks":120,"minecraft:wooden_pickaxe":1,"minecraft:copper_ingot":10,"minecraft:mangrove_planks":24,"minecraft:stone_axe":1,"minecraft:air":0,"cobblemon:poke_ball":40,"minecraft:stick":12,"minecraft:white_bed":3,"minecraft:torch":12}},"DataVersion":3465}