{"stats":{"minecraft:mined":{"minecraft:crafting_table":2,"minecraft:torch":3,"minecraft:grass_block":3,"minecraft:cobblestone":1,"minecraft:copper_ore":1,"minecraft:tall_grass":2,"minecraft:spruce_leaves":9,"minecraft:moss_block":2,"minecraft:wall_torch":7,"minecraft:large_fern":6,"minecraft:furnace":2,"minecraft:cobbled_deepslate":7,"minecraft:iron_ore":10,"minecraft:blue_ice":2,"minecraft:ice":8,"minecraft:spruce_log":25,"minecraft:brown_bed":6,"minecraft:grass":22,"minecraft:pointed_dripstone":1,"minecraft:coal_ore":33,"minecraft:dripstone_block":3,"minecraft:dirt":15,"minecraft:packed_ice":1,"minecraft:stone":255,"minecraft:deepslate":6},"minecraft:killed":{"minecraft:pig":4,"cobblemon:pokemon":4,"minecraft:salmon":2,"minecraft:spider":1,"minecraft:creeper":1,"minecraft:skeleton":1,"minecraft:sheep":4,"minecraft:cow":5},"minecraft:used":{"minecraft:cooked_mutton":3,"minecraft:stone_pickaxe":312,"minecraft:wooden_pickaxe":5,"minecraft:cooked_salmon":2,"minecraft:torch":19,"minecraft:dirt":14,"minecraft:white_carpet":1,"minecraft:crafting_table":6,"minecraft:snowball":18,"minecraft:spruce_boat":2,"minecraft:iron_pickaxe":10,"minecraft:stone_axe":68,"minecraft:cobblestone":52,"minecraft:furnace":3,"minecraft:cooked_porkchop":2,"minecraft:cooked_beef":9,"minecraft:pointed_dripstone":4,"minecraft:brown_bed":6},"minecraft:broken":{"minecraft:stone_pickaxe":2},"minecraft:dropped":{"minecraft:stone_axe":2,"minecraft:moss_block":2,"minecraft:diamond":2,"minecraft:pointed_dripstone":1,"minecraft:cobblestone":8,"minecraft:rotten_flesh":2,"minecraft:stick":6,"minecraft:charcoal":1,"minecraft:cooked_salmon":8,"minecraft:spider_eye":1,"minecraft:arrow":4,"minecraft:wooden_pickaxe":1,"minecraft:string":1},"minecraft:picked_up":{"minecraft:crafting_table":5,"minecraft:cooked_beef":10,"minecraft:glow_ink_sac":3,"minecraft:salmon":2,"minecraft:brown_wool":8,"minecraft:leather":14,"cobblemon:red_apricorn":4,"minecraft:wooden_pickaxe":3,"minecraft:brown_bed":7,"cobblemon:razz_berry":30,"minecraft:flint":4,"minecraft:gunpowder":3,"megamons:anistarite_geode_block":3,"minecraft:moss_carpet":6,"cobblemon:pink_apricorn_seed":3,"minecraft:dirt":55,"minecraft:string":1,"minecraft:raw_copper":2,"minecraft:cooked_salmon":3,"minecraft:cooked_mutton":1,"minecraft:white_carpet":1,"cobblemon:black_apricorn":1,"minecraft:wheat_seeds":23,"minecraft:cobbled_deepslate":75,"cobblemon:green_apricorn":2,"minecraft:spruce_planks":6,"minecraft:beef":17,"minecraft:stone_pickaxe":2,"minecraft:azalea":1,"minecraft:iron_pickaxe":1,"minecraft:moss_block":10,"minecraft:sugar_cane":4,"minecraft:flowering_azalea":1,"minecraft:furnace":2,"minecraft:stick":8,"cobblemon:rare_candy":9,"minecraft:raw_iron":20,"minecraft:smooth_basalt":2,"minecraft:cooked_porkchop":2,"patchouli:guide_book":4,"minecraft:copper_ingot":1,"minecraft:torch":24,"minecraft:dripstone_block":3,"minecraft:gravel":16,"minecraft:porkchop":22,"minecraft:pointed_dripstone":5,"cobblemon:pink_apricorn":4,"minecraft:spruce_log":47,"cobblemon:aspear_berry":18,"minecraft:spider_eye":1,"megamons:anistarite_rough_geode_block":3,"minecraft:diamond":6,"minecraft:arrow":4,"minecraft:rotten_flesh":6,"cobblemon:poke_ball":5,"minecraft:spruce_boat":1,"minecraft:stone_axe":4,"cobblemon:friend_ball":4,"minecraft:cobblestone":576,"minecraft:mutton":18,"minecraft:coal":79,"minecraft:snowball":18,"minecraft:white_wool":10},"minecraft:crafted":{"minecraft:cooked_beef":5,"minecraft:crafting_table":4,"minecraft:spruce_planks":44,"minecraft:wooden_pickaxe":1,"minecraft:furnace":2,"minecraft:cooked_salmon":7,"minecraft:stone_axe":1,"minecraft:cooked_mutton":2,"minecraft:air":0,"cobblemon:poke_ball":4,"minecraft:charcoal":3,"minecraft:stick":12,"minecraft:stone_pickaxe":3,"minecraft:spruce_boat":1,"minecraft:torch":8},"minecraft:custom":{"minecraft:interact_with_furnace":29,"minecraft:mob_kills":22,"minecraft:interact_with_crafting_table":13,"minecraft:open_barrel":1,"minecraft:time_since_death":18030,"minecraft:sleep_in_bed":10,"minecraft:climb_one_cm":1301,"minecraft:time_since_rest":18054,"minecraft:sprint_one_cm":232875,"minecraft:damage_taken":4046,"minecraft:walk_one_cm":347501,"minecraft:drop":32,"minecraft:damage_dealt":2334,"minecraft:swim_one_cm":36879,"minecraft:fly_one_cm":560352,"minecraft:crouch_one_cm":16748,"minecraft:play_time":134437,"minecraft:deaths":8,"minecraft:sneak_time":4787,"minecraft:walk_under_water_one_cm":16869,"minecraft:boat_one_cm":32491,"minecraft:jump":2563,"minecraft:walk_on_water_one_cm":23452,"minecraft:total_world_time":134437,"minecraft:fall_one_cm":88477,"minecraft:horse_one_cm":3352}},"DataVersion":3465}