{"stats":{"minecraft:used":{"minecraft:stone_sword":28,"minecraft:stone_pickaxe":33,"minecraft:oak_planks":273,"minecraft:wooden_pickaxe":13,"minecraft:cooked_chicken":1,"minecraft:torch":41,"minecraft:dirt":4,"refurbished_furniture:dark_oak_dark_ceiling_fan":1,"minecraft:crafting_table":1,"minecraft:red_bed":1,"minecraft:spruce_stairs":6,"minecraft:spruce_fence":75,"farmersdelight:rope":4,"minecraft:oak_log":104,"minecraft:lantern":13,"mysticsbiomes:spring_bamboo":8,"minecraft:stone_axe":3,"minecraft:furnace":1,"minecraft:cooked_porkchop":5,"alexsmobs:animal_dictionary":4,"refurbished_furniture:oak_chair":2},"minecraft:picked_up":{"minecraft:crafting_table":1,"minecraft:feather":2,"minecraft:chicken":1,"minecraft:dirt":1,"minecraft:red_bed":1,"minecraft:moss_carpet":5,"minecraft:wheat_seeds":4,"spartanshields:wooden_basic_shield":1,"mysticsbiomes:spring_bamboo":2,"minecraft:furnace":1,"minecraft:stick":8,"minecraft:porkchop":2,"minecraft:spruce_sapling":27,"minecraft:spruce_log":33,"minecraft:rotten_flesh":2,"minecraft:spruce_button":1,"minecraft:coal":15,"minecraft:cobblestone":31},"minecraft:killed":{"minecraft:pig":2,"alexsmobs:grizzly_bear":2,"minecraft:zombie":2,"minecraft:chicken":2},"minecraft:custom":{"minecraft:interact_with_furnace":7,"minecraft:mob_kills":4,"minecraft:interact_with_crafting_table":6,"minecraft:open_barrel":4,"minecraft:leave_game":6,"minecraft:time_since_death":116595,"minecraft:climb_one_cm":476,"minecraft:time_since_rest":116595,"minecraft:sprint_one_cm":95277,"minecraft:damage_taken":415,"minecraft:walk_one_cm":212680,"minecraft:drop":6,"minecraft:damage_dealt":658,"minecraft:swim_one_cm":12279,"minecraft:fly_one_cm":240948,"minecraft:open_chest":5,"minecraft:crouch_one_cm":1818,"minecraft:play_time":116595,"tombstone:undead_killed":1,"minecraft:sneak_time":688,"minecraft:walk_under_water_one_cm":3155,"minecraft:boat_one_cm":86666,"minecraft:jump":753,"minecraft:walk_on_water_one_cm":5703,"minecraft:total_world_time":116595,"minecraft:fall_one_cm":7835},"minecraft:crafted":{"minecraft:cooked_porkchop":5,"minecraft:crafting_table":1,"minecraft:spruce_planks":16,"minecraft:wooden_pickaxe":1,"minecraft:cooked_chicken":1,"minecraft:furnace":1,"minecraft:stone_axe":1,"minecraft:air":78,"minecraft:stick":1,"minecraft:stone_pickaxe":1,"minecraft:stone_sword":1,"minecraft:torch":1},"minecraft:mined":{"minecraft:red_bed":1,"minecraft:crafting_table":1,"minecraft:grass_block":1,"minecraft:spruce_fence":1,"minecraft:tall_grass":8,"minecraft:furnace":1,"minecraft:spruce_log":14,"minecraft:birch_leaves":1,"treechop:chopped_log":1,"minecraft:grass":9,"minecraft:coal_ore":14,"minecraft:stone":31},"minecraft:dropped":{"minecraft:cobblestone":7,"minecraft:rotten_flesh":2,"minecraft:stick":4,"minecraft:spruce_log":17,"minecraft:spruce_sapling":11}},"DataVersion":3465}