{"stats":{"minecraft:killed":{"minecraft:spider":1,"minecraft:skeleton":2,"minecraft:chicken":3,"minecraft:drowned":1,"minecraft:pig":2,"minecraft:salmon":5,"minecraft:sheep":12,"minecraft:zombie":2,"minecraft:cow":7},"minecraft:killed_by":{"minecraft:creeper":1},"minecraft:picked_up":{"minecraft:mud":14,"minecraft:crafting_table":3,"minecraft:coarse_dirt":5,"minecraft:chicken":6,"cobblemon:red_apricorn":10,"cobblemon:wepear_berry":23,"minecraft:raw_copper":24,"minecraft:wooden_sword":2,"cobblemon:kings_rock":1,"cobblemon:green_apricorn":3,"minecraft:spruce_planks":26,"minecraft:beef":34,"cobblemon:oran_berry":43,"minecraft:calcite":5,"minecraft:iron_nugget":2,"minecraft:light_gray_wool":2,"cobblemon:big_root":1,"minecraft:mangrove_log":6,"minecraft:furnace":2,"minecraft:stick":3,"minecraft:raw_iron":9,"cobblemon:babiri_berry":5,"minecraft:torch":21,"minecraft:porkchop":12,"minecraft:honey_bottle":4,"minecraft:arrow":2,"minecraft:rotten_flesh":3,"minecraft:mutton":30,"minecraft:white_wool":18,"minecraft:cobblestone":53,"minecraft:feather":4,"cobblemon:great_ball":4,"cobblemon:ultra_ball":8,"minecraft:salmon":12,"minecraft:leather":8,"minecraft:brown_wool":3,"cobblemon:razz_berry":3,"cobblemon:slate_ball":8,"minecraft:dirt":175,"cobblemon:black_apricorn":6,"minecraft:wheat_seeds":32,"minecraft:mangrove_planks":1,"minecraft:black_candle":1,"minecraft:sweet_berries":13,"patchouli:guide_book":2,"cobblemon:cheri_berry":11,"minecraft:sand":17,"cobblemon:persim_berry":57,"cobblemon:pink_apricorn":9,"minecraft:white_bed":17,"minecraft:spruce_log":9,"cobblemon:aspear_berry":3,"minecraft:spider_eye":1,"minecraft:iron_helmet":1,"minecraft:bread":1,"cobblemon:medicinal_leek":11,"cobblemon:water_stone":1,"minecraft:coal":68},"minecraft:broken":{"minecraft:wooden_sword":1,"minecraft:stone_shovel":1},"minecraft:mined":{"minecraft:white_bed":16,"minecraft:grass_block":131,"minecraft:brown_wool":1,"minecraft:spruce_leaves":9,"minecraft:large_fern":1,"minecraft:furnace":2,"minecraft:iron_ore":9,"cobblemon:razz_berry":1,"cobblemon:medicinal_leek":6,"minecraft:stone":29,"cobblemon:water_stone_ore":1,"minecraft:scaffolding":1,"minecraft:powder_snow":31,"minecraft:crafting_table":3,"cobblemon:apricorn_leaves":1,"minecraft:torch":7,"minecraft:calcite":9,"cobblemon:wepear_berry":4,"minecraft:copper_ore":8,"minecraft:tall_grass":77,"minecraft:cobblestone":11,"minecraft:wall_torch":14,"minecraft:coarse_dirt":5,"minecraft:mud":7,"minecraft:blue_ice":1,"minecraft:ice":12,"minecraft:spruce_log":9,"minecraft:grass":154,"minecraft:coal_ore":38,"minecraft:dirt":10,"minecraft:sand":17,"minecraft:mangrove_log":6,"cobblemon:babiri_berry":4,"minecraft:oak_leaves":1},"minecraft:used":{"minecraft:stone_shovel":166,"minecraft:spruce_planks":52,"minecraft:torch":34,"minecraft:dirt":87,"minecraft:spruce_boat":2,"minecraft:grass_block":66,"minecraft:iron_helmet":1,"minecraft:sweet_berries":11,"minecraft:furnace":2,"minecraft:cooked_mutton":17,"minecraft:stone_pickaxe":90,"minecraft:mangrove_planks":1,"minecraft:wooden_pickaxe":23,"minecraft:crafting_table":9,"minecraft:white_bed":19,"minecraft:mud":7,"minecraft:bread":15,"minecraft:brown_wool":2,"minecraft:stone_axe":31,"minecraft:wooden_sword":75,"minecraft:cobblestone":62,"minecraft:black_candle":1,"minecraft:coarse_dirt":4},"minecraft:custom":{"minecraft:mob_kills":35,"minecraft:interact_with_crafting_table":14,"minecraft:open_barrel":15,"minecraft:eat_cake_slice":3,"minecraft:time_since_death":185371,"minecraft:climb_one_cm":3562,"minecraft:sprint_one_cm":457190,"minecraft:walk_one_cm":515147,"minecraft:drop":54,"minecraft:play_time":227683,"minecraft:deaths":2,"minecraft:sneak_time":928,"minecraft:walk_under_water_one_cm":27669,"minecraft:boat_one_cm":34331,"minecraft:jump":3431,"minecraft:walk_on_water_one_cm":16460,"minecraft:total_world_time":227683,"minecraft:interact_with_furnace":14,"minecraft:sleep_in_bed":18,"minecraft:time_since_rest":14915,"minecraft:damage_taken":1750,"minecraft:damage_dealt":3132,"minecraft:swim_one_cm":91572,"minecraft:fly_one_cm":764329,"minecraft:open_chest":9,"minecraft:crouch_one_cm":1539,"minecraft:fall_one_cm":97550},"minecraft:dropped":{"minecraft:porkchop":2,"minecraft:wheat_seeds":19,"cobblemon:red_apricorn_seed":1,"minecraft:feather":4,"minecraft:cobblestone":1,"minecraft:leather":4,"minecraft:dirt":88,"minecraft:mutton":7,"minecraft:potion":1,"minecraft:wooden_sword":1,"minecraft:sand":17,"cobblemon:great_ball":2,"minecraft:smooth_stone":4,"minecraft:furnace":1,"minecraft:sweet_berries":1,"minecraft:iron_nugget":2,"minecraft:coarse_dirt":1,"cobblemon:cheri_berry":1,"minecraft:chicken":6,"minecraft:rotten_flesh":3,"minecraft:arrow":2,"minecraft:wooden_pickaxe":1},"minecraft:crafted":{"minecraft:wooden_sword":2,"minecraft:smooth_stone":4,"minecraft:furnace":2,"minecraft:stone":4,"minecraft:cooked_mutton":12,"minecraft:stone_pickaxe":1,"minecraft:spruce_boat":2,"minecraft:crafting_table":6,"minecraft:spruce_planks":120,"minecraft:wooden_pickaxe":1,"minecraft:copper_ingot":10,"minecraft:mangrove_planks":24,"minecraft:stone_axe":1,"minecraft:air":0,"cobblemon:poke_ball":8,"minecraft:stick":12,"minecraft:white_bed":2,"minecraft:torch":12}},"DataVersion":3465}