{"stats":{"minecraft:killed":{"minecraft:pig":2,"minecraft:salmon":5,"minecraft:skeleton":1,"minecraft:sheep":12,"minecraft:zombie":1,"minecraft:chicken":3,"minecraft:drowned":1,"minecraft:cow":7},"minecraft:killed_by":{"minecraft:creeper":1},"minecraft:picked_up":{"minecraft:coarse_dirt":2,"minecraft:mud":14,"minecraft:crafting_table":3,"minecraft:feather":4,"cobblemon:great_ball":4,"cobblemon:ultra_ball":8,"minecraft:chicken":6,"minecraft:salmon":12,"minecraft:brown_wool":3,"minecraft:leather":8,"cobblemon:red_apricorn":7,"cobblemon:razz_berry":3,"cobblemon:slate_ball":8,"cobblemon:wepear_berry":23,"minecraft:dirt":157,"minecraft:raw_copper":24,"minecraft:wooden_sword":2,"cobblemon:kings_rock":1,"minecraft:wheat_seeds":31,"cobblemon:black_apricorn":6,"cobblemon:green_apricorn":3,"minecraft:spruce_planks":26,"minecraft:beef":34,"cobblemon:oran_berry":40,"minecraft:iron_nugget":2,"cobblemon:big_root":1,"minecraft:light_gray_wool":2,"minecraft:mangrove_planks":1,"minecraft:mangrove_log":6,"minecraft:furnace":2,"minecraft:black_candle":1,"minecraft:raw_iron":9,"minecraft:stick":3,"cobblemon:babiri_berry":5,"minecraft:sweet_berries":13,"patchouli:guide_book":2,"minecraft:torch":18,"minecraft:sand":17,"cobblemon:cheri_berry":11,"minecraft:porkchop":12,"cobblemon:persim_berry":57,"cobblemon:pink_apricorn":9,"minecraft:white_bed":17,"minecraft:spruce_log":9,"cobblemon:aspear_berry":3,"minecraft:spider_eye":1,"minecraft:arrow":2,"minecraft:honey_bottle":4,"minecraft:rotten_flesh":3,"minecraft:iron_helmet":1,"minecraft:bread":1,"cobblemon:medicinal_leek":11,"cobblemon:water_stone":1,"minecraft:mutton":30,"minecraft:coal":68,"minecraft:white_wool":18,"minecraft:cobblestone":53},"minecraft:broken":{"minecraft:wooden_sword":1,"minecraft:stone_shovel":1},"minecraft:mined":{"minecraft:scaffolding":1,"minecraft:white_bed":16,"minecraft:powder_snow":31,"minecraft:crafting_table":3,"minecraft:torch":7,"cobblemon:apricorn_leaves":1,"minecraft:grass_block":131,"minecraft:calcite":4,"minecraft:brown_wool":1,"cobblemon:wepear_berry":4,"minecraft:tall_grass":74,"minecraft:copper_ore":8,"minecraft:cobblestone":11,"minecraft:spruce_leaves":9,"minecraft:wall_torch":11,"minecraft:large_fern":1,"minecraft:coarse_dirt":2,"minecraft:furnace":2,"minecraft:mud":7,"minecraft:iron_ore":9,"minecraft:ice":12,"cobblemon:razz_berry":1,"minecraft:blue_ice":1,"minecraft:spruce_log":9,"cobblemon:medicinal_leek":6,"minecraft:grass":150,"minecraft:coal_ore":38,"minecraft:sand":17,"minecraft:dirt":10,"minecraft:mangrove_log":6,"cobblemon:babiri_berry":4,"minecraft:stone":29,"cobblemon:water_stone_ore":1,"minecraft:oak_leaves":1},"minecraft:used":{"minecraft:cooked_mutton":12,"minecraft:stone_shovel":166,"minecraft:stone_pickaxe":85,"minecraft:mangrove_planks":1,"minecraft:spruce_planks":52,"minecraft:wooden_pickaxe":23,"minecraft:torch":31,"minecraft:dirt":70,"minecraft:crafting_table":9,"minecraft:white_bed":18,"minecraft:spruce_boat":2,"minecraft:mud":7,"minecraft:grass_block":66,"minecraft:bread":15,"minecraft:brown_wool":2,"minecraft:iron_helmet":1,"minecraft:stone_axe":23,"minecraft:wooden_sword":75,"minecraft:cobblestone":62,"minecraft:sweet_berries":11,"minecraft:furnace":2,"minecraft:black_candle":1},"minecraft:custom":{"minecraft:interact_with_furnace":14,"minecraft:mob_kills":32,"minecraft:interact_with_crafting_table":13,"minecraft:open_barrel":15,"minecraft:eat_cake_slice":3,"minecraft:time_since_death":161371,"minecraft:sleep_in_bed":16,"minecraft:climb_one_cm":3562,"minecraft:time_since_rest":8567,"minecraft:sprint_one_cm":412347,"minecraft:damage_taken":1520,"minecraft:walk_one_cm":485263,"minecraft:drop":53,"minecraft:damage_dealt":2571,"minecraft:swim_one_cm":91572,"minecraft:fly_one_cm":672788,"minecraft:open_chest":9,"minecraft:crouch_one_cm":1185,"minecraft:play_time":203683,"minecraft:deaths":2,"minecraft:sneak_time":720,"minecraft:walk_under_water_one_cm":27669,"minecraft:boat_one_cm":34331,"minecraft:jump":3093,"minecraft:walk_on_water_one_cm":16460,"minecraft:total_world_time":203683,"minecraft:fall_one_cm":82846},"minecraft:crafted":{"minecraft:wooden_sword":2,"minecraft:smooth_stone":4,"minecraft:crafting_table":6,"minecraft:spruce_planks":120,"minecraft:wooden_pickaxe":1,"minecraft:furnace":2,"minecraft:copper_ingot":10,"minecraft:stone":4,"minecraft:mangrove_planks":24,"minecraft:stone_axe":1,"minecraft:cooked_mutton":12,"minecraft:air":0,"cobblemon:poke_ball":4,"minecraft:stick":12,"minecraft:stone_pickaxe":1,"minecraft:white_bed":2,"minecraft:spruce_boat":2,"minecraft:torch":12},"minecraft:dropped":{"minecraft:furnace":1,"minecraft:sweet_berries":1,"minecraft:porkchop":2,"minecraft:wheat_seeds":19,"minecraft:iron_nugget":2,"cobblemon:red_apricorn_seed":1,"cobblemon:cheri_berry":1,"minecraft:cobblestone":1,"minecraft:chicken":6,"minecraft:feather":4,"minecraft:rotten_flesh":3,"minecraft:leather":4,"minecraft:dirt":88,"minecraft:mutton":7,"minecraft:potion":1,"minecraft:wooden_pickaxe":1,"minecraft:wooden_sword":1,"minecraft:sand":17,"minecraft:arrow":2,"cobblemon:great_ball":2,"minecraft:smooth_stone":4}},"DataVersion":3465}