{"stats":{"minecraft:mined":{"minecraft:spruce_planks":14,"minecraft:grass_block":3,"minecraft:spruce_leaves":13,"minecraft:moss_block":2,"megamons:crystal_dusk_stone_ore":1,"minecraft:large_fern":6,"minecraft:furnace":2,"minecraft:iron_ore":19,"minecraft:cobbled_deepslate":7,"minecraft:deepslate_lapis_ore":2,"minecraft:peony":1,"minecraft:brown_bed":6,"minecraft:pointed_dripstone":1,"minecraft:deepslate_iron_ore":5,"minecraft:packed_ice":1,"minecraft:stone":257,"minecraft:acacia_leaves":4,"megamons:anistarite_geode_block":4,"minecraft:crafting_table":2,"minecraft:torch":3,"minecraft:tall_grass":12,"minecraft:copper_ore":1,"minecraft:cobblestone":1,"minecraft:deepslate_gold_ore":9,"minecraft:wall_torch":11,"minecraft:ice":8,"minecraft:blue_ice":2,"minecraft:spruce_log":25,"minecraft:grass":30,"minecraft:coal_ore":33,"minecraft:dirt":15,"minecraft:gravel":116,"minecraft:dripstone_block":3,"minecraft:oak_leaves":1,"minecraft:deepslate":14,"minecraft:fern":3},"minecraft:killed":{"minecraft:spider":1,"minecraft:skeleton":1,"minecraft:pig":4,"cobblemon:pokemon":4,"minecraft:salmon":2,"minecraft:creeper":1,"minecraft:sheep":4,"minecraft:zombie":3,"minecraft:cow":5},"minecraft:used":{"minecraft:iron_shovel":105,"minecraft:spruce_planks":74,"minecraft:cooked_salmon":2,"minecraft:torch":24,"minecraft:dirt":14,"minecraft:white_carpet":1,"minecraft:snowball":18,"minecraft:spruce_boat":2,"minecraft:furnace":3,"minecraft:cooked_beef":16,"minecraft:brown_bed":6,"minecraft:pointed_dripstone":4,"minecraft:cooked_mutton":3,"minecraft:stone_pickaxe":312,"minecraft:wooden_pickaxe":5,"minecraft:crafting_table":7,"minecraft:iron_pickaxe":52,"minecraft:gravel":56,"minecraft:stone_axe":119,"minecraft:cobblestone":79,"minecraft:cooked_porkchop":2},"minecraft:broken":{"minecraft:stone_pickaxe":2,"minecraft:stone_axe":1},"minecraft:dropped":{"minecraft:moss_block":2,"minecraft:diamond":2,"cobblemon:sun_stone":1,"minecraft:oak_fence":3,"minecraft:cobblestone":8,"minecraft:stick":6,"minecraft:cooked_salmon":8,"minecraft:flowering_azalea":1,"minecraft:string":1,"minecraft:stone_axe":2,"minecraft:moss_carpet":12,"minecraft:pointed_dripstone":1,"minecraft:rotten_flesh":6,"minecraft:clay_ball":21,"minecraft:gunpowder":1,"minecraft:peony":1,"minecraft:charcoal":1,"cobblemon:pink_apricorn_seed":2,"minecraft:azalea":1,"minecraft:spider_eye":1,"minecraft:arrow":4,"minecraft:wooden_pickaxe":2},"minecraft:crafted":{"minecraft:furnace":2,"minecraft:cooked_mutton":2,"minecraft:stone_pickaxe":3,"minecraft:spruce_boat":1,"minecraft:cooked_beef":5,"minecraft:crafting_table":4,"minecraft:spruce_planks":88,"minecraft:wooden_pickaxe":1,"minecraft:cooked_salmon":7,"minecraft:stone_axe":1,"minecraft:air":0,"cobblemon:poke_ball":4,"cobblemon:heal_powder":1,"minecraft:charcoal":3,"minecraft:stick":12,"minecraft:torch":8,"cobblemon:revive":1},"minecraft:picked_up":{"minecraft:crafting_table":5,"minecraft:chicken":1,"minecraft:clay_ball":21,"cobblemon:red_apricorn":4,"minecraft:wooden_pickaxe":3,"minecraft:brown_bed":7,"minecraft:cooked_salmon":3,"minecraft:string":1,"minecraft:moss_carpet":12,"minecraft:raw_copper":2,"cobblemon:revival_herb":4,"minecraft:white_carpet":1,"minecraft:cobbled_deepslate":86,"cobblemon:green_apricorn":2,"minecraft:spruce_planks":34,"minecraft:beef":17,"cobblemon:oran_berry":40,"minecraft:azalea":1,"minecraft:iron_pickaxe":1,"cobblemon:dusk_stone":1,"minecraft:sugar_cane":4,"minecraft:furnace":2,"minecraft:raw_iron":40,"minecraft:stick":8,"minecraft:copper_ingot":1,"minecraft:oak_fence":3,"minecraft:torch":27,"minecraft:porkchop":22,"minecraft:pointed_dripstone":5,"cobblemon:never_melt_ice":2,"minecraft:honey_bottle":1,"minecraft:arrow":4,"minecraft:rotten_flesh":9,"minecraft:peony":1,"minecraft:mutton":18,"cobblemon:friend_ball":4,"minecraft:white_wool":10,"minecraft:snowball":18,"minecraft:cobblestone":670,"minecraft:cooked_beef":10,"minecraft:glow_ink_sac":3,"minecraft:salmon":2,"minecraft:leather":14,"minecraft:brown_wool":8,"cobblemon:razz_berry":30,"minecraft:flint":13,"minecraft:tuff":10,"minecraft:gunpowder":3,"megamons:anistarite_geode_block":16,"minecraft:lapis_lazuli":27,"minecraft:dirt":55,"cobblemon:pink_apricorn_seed":4,"minecraft:cooked_mutton":1,"minecraft:wheat_seeds":24,"cobblemon:black_apricorn":1,"minecraft:raw_gold":19,"minecraft:stone_pickaxe":2,"cobblemon:moon_stone":1,"minecraft:moss_block":10,"minecraft:flowering_azalea":1,"cobblemon:sun_stone":1,"cobblemon:rare_candy":9,"minecraft:smooth_basalt":2,"minecraft:cooked_porkchop":2,"patchouli:guide_book":4,"minecraft:dripstone_block":3,"minecraft:gravel":136,"cobblemon:pink_apricorn":4,"minecraft:spruce_log":47,"cobblemon:aspear_berry":18,"minecraft:spider_eye":1,"megamons:anistarite_rough_geode_block":3,"minecraft:stone_axe":4,"minecraft:spruce_boat":1,"minecraft:diamond":6,"cobblemon:poke_ball":5,"minecraft:coal":79},"minecraft:custom":{"minecraft:mob_kills":25,"minecraft:interact_with_crafting_table":16,"minecraft:open_barrel":1,"minecraft:time_since_death":72030,"minecraft:climb_one_cm":3640,"minecraft:sprint_one_cm":321277,"minecraft:walk_one_cm":513315,"minecraft:drop":46,"minecraft:play_time":188437,"minecraft:walk_under_water_one_cm":19291,"minecraft:deaths":8,"minecraft:sneak_time":5372,"minecraft:boat_one_cm":32491,"minecraft:jump":3470,"minecraft:walk_on_water_one_cm":29119,"minecraft:total_world_time":188437,"minecraft:interact_with_furnace":32,"minecraft:sleep_in_bed":14,"minecraft:time_since_rest":5900,"minecraft:damage_taken":4585,"minecraft:damage_dealt":2992,"minecraft:fly_one_cm":670849,"minecraft:swim_one_cm":41616,"minecraft:open_chest":5,"minecraft:crouch_one_cm":17536,"minecraft:fall_one_cm":113272,"minecraft:horse_one_cm":3352}},"DataVersion":3465}