{
  "uuid": "5b2f490d-459d-336e-be16-be58474ab579",
  "starterPrompted": true,
  "starterLocked": false,
  "starterSelected": true,
  "starterUUID": "b3120858-cd2c-4ee1-98e1-23b99dc09055",
  "keyItems": [],
  "battleTheme": "cobblemon:battle.pvp.default",
  "extraData": {},
  "advancementData": {
    "totalCaptureCount": 2,
    "totalEggsHatched": 0,
    "totalEvolvedCount": 2,
    "totalBattleVictoryCount": 12,
    "totalPvPBattleVictoryCount": 1,
    "totalPvWBattleVictoryCount": 11,
    "totalPvNBattleVictoryCount": 0,
    "totalShinyCaptureCount": 0,
    "totalTradedCount": 4,
    "totalTypeCaptureCounts": {
      "ghost": 1,
      "poison": 1,
      "fairy": 1
    },
    "totalDefeatedCounts": {
      "cobblemon:snorunt": 2,
      "cobblemon:sentret": 1,
      "cobblemon:zubat": 1,
      "cobblemon:geodude": 2,
      "cobblemon:slowpoke": 1,
      "cobblemon:psyduck": 1,
      "cobblemon:elekid": 1,
      "cobblemon:pidove": 1
    },
    "aspectsCollected": {}
  }
}