{
  "uuid": "5b2f490d-459d-336e-be16-be58474ab579",
  "starterPrompted": true,
  "starterLocked": false,
  "starterSelected": true,
  "starterUUID": "b3120858-cd2c-4ee1-98e1-23b99dc09055",
  "keyItems": [],
  "battleTheme": "cobblemon:battle.pvp.default",
  "extraData": {},
  "advancementData": {
    "totalCaptureCount": 15,
    "totalEggsHatched": 0,
    "totalEvolvedCount": 7,
    "totalBattleVictoryCount": 73,
    "totalPvPBattleVictoryCount": 1,
    "totalPvWBattleVictoryCount": 72,
    "totalPvNBattleVictoryCount": 0,
    "totalShinyCaptureCount": 0,
    "totalTradedCount": 6,
    "totalTypeCaptureCounts": {
      "ghost": 5,
      "poison": 1,
      "fairy": 2,
      "ground": 1,
      "normal": 2,
      "flying": 2,
      "grass": 3,
      "fire": 2,
      "dark": 2,
      "steel": 2,
      "bug": 1
    },
    "totalDefeatedCounts": {
      "cobblemon:snorunt": 2,
      "cobblemon:sentret": 1,
      "cobblemon:zubat": 1,
      "cobblemon:geodude": 3,
      "cobblemon:slowpoke": 1,
      "cobblemon:psyduck": 1,
      "cobblemon:elekid": 1,
      "cobblemon:pidove": 1,
      "cobblemon:kakuna": 1,
      "cobblemon:wooloo": 2,
      "cobblemon:zigzagoon": 1,
      "cobblemon:caterpie": 1,
      "cobblemon:honedge": 1,
      "cobblemon:gimmighoul": 1,
      "cobblemon:combee": 1,
      "cobblemon:slowbro": 1,
      "cobblemon:slugma": 3,
      "cobblemon:magby": 1,
      "cobblemon:sizzlipede": 1,
      "cobblemon:darumaka": 1,
      "cobblemon:taillow": 1,
      "cobblemon:charcadet": 2,
      "cobblemon:impidimp": 1,
      "cobblemon:venipede": 1,
      "cobblemon:darmanitan": 1,
      "cobblemon:numel": 24,
      "cobblemon:ceruledge": 1,
      "cobblemon:pidgey": 1,
      "cobblemon:salandit": 2,
      "cobblemon:ferroseed": 1,
      "cobblemon:fearow": 1
    },
    "aspectsCollected": {}
  }
}